Timestamp,UPDATE_CCDSR_ACCEPTATION_MESSAGE,UPDATE_CCDSR_REJECTION_MESSAGE,FP_UPDATE_SUBSCRIPTION_CLIENT_MESSAGES_EVENT,FP_END_OF_UPDATE_MESSAGES_EVENT
2017-08-11  18:22:26.156,0,0,0,0
2017-08-11  18:27:26.158,0,0,0,0
2017-08-11  18:32:26.159,0,0,0,0
2017-08-11  18:37:26.160,1,0,1,0
2017-08-11  18:42:26.162,5,0,5,0
2017-08-11  18:47:26.163,8,0,8,0
2017-08-11  18:52:26.165,17,0,17,0
2017-08-11  18:57:26.166,22,0,22,0
2017-08-11  19:02:26.167,33,0,33,0
2017-08-11  19:07:26.169,40,0,40,0
2017-08-11  19:12:26.170,47,0,47,0
2017-08-11  19:17:26.171,57,0,57,0
2017-08-11  19:22:26.173,64,0,64,0
2017-08-11  19:27:26.174,76,0,76,0
2017-08-11  19:32:26.176,85,0,85,0
2017-08-11  19:37:26.177,102,0,100,2
2017-08-11  19:42:26.179,114,0,112,2
2017-08-11  19:47:26.180,129,0,125,4
2017-08-11  19:52:26.182,145,0,141,4
2017-08-11  19:57:26.183,157,0,152,5
2017-08-11  20:02:26.184,172,0,164,8
2017-08-11  20:07:26.186,181,0,172,9
2017-08-11  20:12:26.188,198,0,188,10
2017-08-11  20:17:26.189,215,0,201,14
2017-08-11  20:22:26.190,230,0,215,15
2017-08-11  20:27:26.192,250,0,229,21
2017-08-11  20:32:26.193,262,0,240,22
2017-08-11  20:37:26.194,283,0,261,22
2017-08-11  20:42:26.196,299,0,274,25
2017-08-11  20:47:26.197,320,0,290,30
2017-08-11  20:52:26.199,328,0,296,32
2017-08-11  20:57:26.201,346,0,313,33
2017-08-11  21:02:26.202,360,0,324,36
2017-08-11  21:07:26.203,377,0,339,38
2017-08-11  21:12:26.204,396,0,355,41
2017-08-11  21:17:26.206,409,0,364,45
2017-08-11  21:22:26.207,431,0,385,46
2017-08-11  21:27:26.211,446,0,399,47
2017-08-11  21:32:26.210,464,0,412,52
2017-08-11  21:37:26.212,476,0,420,56
2017-08-11  21:42:26.216,491,0,435,56
2017-08-11  21:47:26.215,507,0,448,59
2017-08-11  21:52:26.216,518,0,459,59
2017-08-11  21:57:26.218,538,0,475,63
2017-08-11  22:02:26.220,554,0,487,67
2017-08-11  22:07:26.224,576,0,507,69
2017-08-11  22:12:26.223,591,0,521,70
2017-08-11  22:17:26.224,606,0,532,74
2017-08-11  22:22:26.226,619,0,542,77
2017-08-11  22:27:26.227,632,0,554,78
2017-08-11  22:32:26.229,651,0,569,82
2017-08-11  22:37:26.231,657,0,575,82
2017-08-11  22:42:26.232,680,0,594,86
2017-08-11  22:47:26.233,699,0,610,89
2017-08-11  22:52:26.235,719,0,628,91
2017-08-11  22:57:26.236,733,2,643,92
2017-08-11  23:02:26.238,748,2,653,97
2017-08-11  23:07:26.242,764,4,666,102
2017-08-11  23:12:26.240,776,4,676,104
2017-08-11  23:17:26.242,790,4,690,104
2017-08-11  23:22:26.245,802,4,700,106
2017-08-11  23:27:26.245,825,4,718,111
2017-08-11  23:32:26.246,842,4,731,115
2017-08-11  23:37:26.248,859,16,747,128
2017-08-11  23:42:26.249,877,16,765,128
2017-08-11  23:47:26.250,890,17,775,132
2017-08-11  23:52:26.252,907,17,788,136
2017-08-11  23:57:26.253,919,18,798,139
2017-08-12  00:02:26.255,15,1,13,3
2017-08-12  00:07:26.259,30,1,25,6
2017-08-12  00:12:26.258,48,2,42,8
2017-08-12  00:17:26.262,65,5,56,14
2017-08-12  00:22:26.263,80,5,68,17
2017-08-12  00:27:26.264,102,5,89,18
2017-08-12  00:32:26.266,116,7,100,23
2017-08-12  00:37:26.265,132,7,113,26
2017-08-12  00:42:26.266,142,8,121,29
2017-08-12  00:47:26.268,156,8,133,31
2017-08-12  00:52:26.269,172,8,147,33
2017-08-12  00:57:26.274,183,9,156,36
2017-08-12  01:02:26.272,204,11,173,42
2017-08-12  01:07:26.273,224,11,188,47
2017-08-12  01:12:26.274,245,11,208,48
2017-08-12  01:17:26.279,259,14,222,51
2017-08-12  01:22:26.277,275,14,235,54
2017-08-12  01:27:26.279,289,15,245,59
2017-08-12  01:32:26.280,301,16,256,61
2017-08-12  01:37:26.282,314,16,267,63
2017-08-12  01:42:26.283,325,17,277,65
2017-08-12  01:47:26.287,346,18,295,69
2017-08-12  01:52:26.286,361,18,308,71
2017-08-12  01:57:26.288,381,18,326,73
2017-08-12  02:02:26.289,397,22,342,77
2017-08-12  02:07:26.290,413,22,353,82
2017-08-12  02:12:26.292,429,23,367,85
2017-08-12  02:17:26.293,439,23,375,87
2017-08-12  02:22:26.294,454,23,388,89
2017-08-12  02:27:26.299,469,23,401,91
2017-08-12  02:32:26.297,487,25,417,95
2017-08-12  02:37:26.299,505,26,430,101
2017-08-12  02:42:26.300,525,26,447,104
2017-08-12  02:47:26.303,541,27,462,106
2017-08-12  02:52:26.306,556,27,475,108
2017-08-12  02:57:26.304,572,27,489,110
2017-08-12  03:02:26.308,586,29,499,116
2017-08-12  03:07:26.307,600,29,511,118
2017-08-12  03:12:26.308,615,31,525,121
2017-08-12  03:17:26.313,627,32,536,123
2017-08-12  03:22:26.313,645,33,551,127
2017-08-12  03:27:26.313,662,33,565,130
2017-08-12  03:32:26.314,683,35,585,133
2017-08-12  03:37:26.316,699,35,600,134
2017-08-12  03:42:26.317,714,35,612,137
2017-08-12  03:47:26.318,730,36,623,143
2017-08-12  03:52:26.322,739,36,631,144
2017-08-12  03:57:26.324,759,36,646,149
2017-08-12  04:02:26.323,769,39,654,154
2017-08-12  04:07:26.324,789,40,671,158
2017-08-12  04:12:26.326,810,40,687,163
2017-08-12  04:17:26.330,833,40,709,164
2017-08-12  04:22:26.331,847,41,721,167
2017-08-12  04:27:26.332,863,41,733,171
2017-08-12  04:32:26.334,880,43,746,177
2017-08-12  04:37:26.333,886,43,752,177
2017-08-12  04:42:26.335,901,43,766,178
2017-08-12  04:47:26.336,914,44,777,181
2017-08-12  04:52:26.340,930,45,790,185
2017-08-12  04:57:26.339,952,46,809,189
2017-08-12  05:02:26.343,971,47,825,193
2017-08-12  05:07:26.345,990,48,842,196
2017-08-12  05:12:26.344,1004,48,851,201
2017-08-12  05:17:26.345,1026,48,869,205
2017-08-12  05:22:26.346,1031,49,874,206
2017-08-12  05:27:26.348,1046,49,888,207
2017-08-12  05:32:26.352,1059,51,899,211
2017-08-12  05:37:26.351,1070,52,909,213
2017-08-12  05:42:26.355,1097,55,931,221
2017-08-12  05:47:26.354,1110,56,941,225
2017-08-12  05:52:26.355,1133,59,964,228
2017-08-12  05:57:26.357,1144,59,975,228
2017-08-12  06:02:26.358,1166,64,993,237
2017-08-12  06:07:26.362,1176,65,999,242
2017-08-12  06:12:26.363,1186,65,1009,242
2017-08-12  06:17:26.363,1202,66,1023,245
2017-08-12  06:22:26.367,1209,67,1030,246
2017-08-12  06:27:26.366,1233,68,1048,253
2017-08-12  06:32:26.368,1253,69,1065,257
2017-08-12  06:37:26.371,1272,71,1082,261
2017-08-12  06:42:26.373,1287,71,1097,261
2017-08-12  06:47:26.372,1303,71,1110,264
2017-08-12  06:52:26.373,1318,74,1122,270
2017-08-12  06:57:26.374,1330,74,1132,272
2017-08-12  07:02:26.376,1347,75,1145,277
2017-08-12  07:07:26.380,1357,77,1153,281
2017-08-12  07:12:26.379,1374,78,1168,284
2017-08-12  07:17:26.380,1396,78,1187,287
2017-08-12  07:22:26.384,1414,79,1202,291
2017-08-12  07:27:26.385,1431,80,1218,293
2017-08-12  07:32:26.385,1448,81,1232,297
2017-08-12  07:37:26.386,1467,82,1246,303
2017-08-12  07:42:26.390,1474,82,1251,305
2017-08-12  07:47:26.391,1488,82,1264,306
2017-08-12  07:52:26.390,1502,83,1275,310
2017-08-12  07:57:26.391,1517,86,1290,313
2017-08-12  08:02:26.395,1540,88,1309,319
2017-08-12  08:07:26.394,1556,89,1322,323
2017-08-12  08:12:26.396,1576,90,1340,326
2017-08-12  08:17:26.400,1595,90,1356,329
2017-08-12  08:22:26.398,1607,90,1366,331
2017-08-12  08:27:26.400,1621,91,1377,335
2017-08-12  08:32:26.403,1632,92,1387,337
2017-08-12  08:37:26.405,1644,95,1399,340
2017-08-12  08:42:26.407,1657,96,1411,342
2017-08-12  08:47:26.406,1670,97,1420,347
2017-08-12  08:52:26.407,1696,98,1444,350
2017-08-12  08:57:26.409,1710,99,1456,353
2017-08-12  09:02:26.413,1733,100,1474,359
2017-08-12  09:07:26.412,1745,100,1484,361
2017-08-12  09:12:26.412,1758,101,1494,365
2017-08-12  09:17:26.414,1771,101,1505,367
2017-08-12  09:22:26.418,1781,102,1515,368
2017-08-12  09:27:26.417,1795,103,1527,371
2017-08-12  09:32:26.419,1811,105,1542,374
2017-08-12  09:37:26.420,1830,106,1558,378
2017-08-12  09:42:26.422,1850,106,1576,380
2017-08-12  09:47:26.423,1871,107,1592,386
2017-08-12  09:52:26.424,1887,107,1605,389
2017-08-12  09:57:26.428,1899,108,1616,391
2017-08-12  10:02:26.427,1914,109,1629,394
2017-08-12  10:07:26.429,1925,110,1638,397
2017-08-12  10:12:26.431,1939,110,1650,399
2017-08-12  10:17:26.434,1956,112,1663,405
2017-08-12  10:22:26.436,1970,112,1676,406
2017-08-12  10:27:26.435,1993,113,1695,411
2017-08-12  10:32:26.439,2010,115,1710,415
2017-08-12  10:37:26.438,2031,115,1727,419
2017-08-12  10:42:26.440,2045,116,1738,423
2017-08-12  10:47:26.441,2060,116,1750,426
2017-08-12  10:52:26.443,2069,116,1758,427
2017-08-12  10:57:26.447,2078,117,1767,428
2017-08-12  11:02:26.446,2096,118,1783,431
2017-08-12  11:07:26.447,2113,120,1796,437
2017-08-12  11:12:26.449,2135,121,1815,441
2017-08-12  11:17:26.451,2153,122,1830,445
2017-08-12  11:22:26.452,2174,122,1847,449
2017-08-12  11:27:26.453,2187,122,1858,451
2017-08-12  11:32:26.457,2199,124,1870,453
2017-08-12  11:37:26.456,2213,124,1881,456
2017-08-12  11:42:26.461,2225,125,1889,461
2017-08-12  11:47:26.459,2242,125,1905,462
2017-08-12  11:52:26.463,2255,127,1917,465
2017-08-12  11:57:26.462,2273,128,1931,470
2017-08-12  12:02:26.463,2296,131,1953,474
2017-08-12  12:07:26.467,2316,132,1967,481
2017-08-12  12:12:26.466,2330,132,1980,482
2017-08-12  12:17:26.468,2343,133,1992,484
2017-08-12  12:22:26.472,2355,133,2002,486
2017-08-12  12:27:26.471,2366,134,2011,489
2017-08-12  12:32:26.473,2383,135,2026,492
2017-08-12  12:37:26.477,2398,137,2039,496
2017-08-12  12:42:26.478,2414,137,2053,498
2017-08-12  12:47:26.477,2434,138,2071,501
2017-08-12  12:52:26.479,2457,139,2090,506
2017-08-12  12:57:26.480,2471,139,2101,509
2017-08-12  13:02:26.482,2483,141,2111,513
2017-08-12  13:07:26.486,2497,141,2125,513
2017-08-12  13:12:26.484,2509,142,2134,517
2017-08-12  13:17:26.486,2527,146,2151,522
2017-08-12  13:22:26.487,2544,146,2167,523
2017-08-12  13:27:26.489,2563,148,2184,527
2017-08-12  13:32:26.491,2579,150,2196,533
2017-08-12  13:37:26.494,2601,151,2213,539
2017-08-12  13:42:26.494,2612,151,2221,542
2017-08-12  13:47:26.495,2629,154,2237,546
2017-08-12  13:52:26.496,2636,156,2245,547
2017-08-12  13:57:26.497,2651,157,2257,551
2017-08-12  14:02:26.501,2666,158,2270,554
2017-08-12  14:07:26.500,2680,158,2283,555
2017-08-12  14:12:26.505,2702,160,2303,559
2017-08-12  14:17:26.503,2716,161,2316,561
2017-08-12  14:22:26.505,2742,161,2335,568
2017-08-12  14:27:26.506,2757,162,2347,572
2017-08-12  14:32:26.511,2775,166,2361,580
2017-08-12  14:37:26.509,2784,166,2369,581
2017-08-12  14:42:26.511,2798,167,2383,582
2017-08-12  14:47:26.515,2815,167,2396,586
2017-08-12  14:52:26.514,2824,167,2403,588
2017-08-12  14:57:26.515,2846,170,2422,594
2017-08-12  15:02:26.517,2865,173,2437,601
2017-08-12  15:07:26.518,2882,173,2454,601
2017-08-12  15:12:26.520,2897,174,2469,602
2017-08-12  15:17:26.521,2912,175,2478,609
2017-08-12  15:22:26.523,2929,175,2492,612
2017-08-12  15:27:26.524,2938,176,2501,613
2017-08-12  15:32:26.526,2954,177,2516,615
2017-08-12  15:37:26.530,2966,179,2526,619
2017-08-12  15:42:26.531,2984,180,2541,623
2017-08-12  15:47:26.532,2999,180,2552,627
2017-08-12  15:52:26.531,3014,181,2565,630
2017-08-12  15:57:26.533,3031,182,2582,631
2017-08-12  16:02:26.534,3052,183,2600,635
2017-08-12  16:07:26.536,3067,185,2613,639
2017-08-12  16:12:26.537,3082,187,2626,643
2017-08-12  16:17:26.539,3091,189,2635,645
2017-08-12  16:22:26.543,3106,189,2647,648
2017-08-12  16:27:26.544,3122,191,2662,651
2017-08-12  16:32:26.546,3136,192,2672,656
2017-08-12  16:37:26.544,3149,193,2682,660
2017-08-12  16:42:26.548,3169,193,2702,660
2017-08-12  16:47:26.550,3190,194,2721,663
2017-08-12  16:52:26.552,3207,196,2733,670
2017-08-12  16:57:26.551,3222,200,2747,675
2017-08-12  17:02:26.551,3232,201,2757,676
2017-08-12  17:07:26.554,3245,201,2768,678
2017-08-12  17:12:26.558,3259,203,2781,681
2017-08-12  17:17:26.556,3276,203,2797,682
2017-08-12  17:22:26.558,3290,204,2807,687
2017-08-12  17:27:26.560,3310,204,2825,689
2017-08-12  17:32:26.563,3333,207,2846,694
2017-08-12  17:37:26.562,3348,207,2857,698
2017-08-12  17:42:26.564,3363,207,2869,701
2017-08-12  17:47:26.565,3373,208,2879,702
2017-08-12  17:52:26.567,3385,209,2889,705
2017-08-12  17:57:26.568,3403,210,2903,710
2017-08-12  18:02:26.570,3420,212,2917,715
2017-08-12  18:07:26.571,3433,212,2930,715
2017-08-12  18:12:26.573,3450,214,2944,720
2017-08-12  18:17:26.574,3477,216,2964,729
2017-08-12  18:22:26.576,3495,216,2977,734
2017-08-12  18:27:26.579,3508,217,2987,738
2017-08-12  18:32:26.581,3526,219,3003,742
2017-08-12  18:37:26.582,3536,219,3012,743
2017-08-12  18:42:26.581,3555,219,3027,747
2017-08-12  18:47:26.587,3568,219,3038,749
2017-08-12  18:52:26.586,3583,220,3053,750
2017-08-12  18:57:26.585,3597,222,3065,754
2017-08-12  19:02:26.587,3617,224,3081,760
2017-08-12  19:07:26.589,3639,224,3098,765
2017-08-12  19:12:26.593,3652,225,3109,768
2017-08-12  19:17:26.595,3670,226,3126,770
2017-08-12  19:22:26.593,3678,226,3133,771
2017-08-12  19:27:26.595,3692,226,3145,773
2017-08-12  19:32:26.598,3708,227,3158,777
2017-08-12  19:37:26.600,3725,227,3174,778
2017-08-12  19:42:26.601,3739,228,3186,781
2017-08-12  19:47:26.603,3762,229,3205,786
2017-08-12  19:52:26.602,3782,231,3221,792
2017-08-12  19:57:26.603,3796,232,3233,795
2017-08-12  20:02:26.605,3815,233,3249,799
2017-08-12  20:07:26.606,3823,233,3256,800
2017-08-12  20:12:26.607,3839,233,3270,802
2017-08-12  20:17:26.609,3854,233,3282,805
2017-08-12  20:22:26.610,3868,236,3296,808
2017-08-12  20:27:26.614,3884,236,3310,810
2017-08-12  20:32:26.613,3906,239,3328,817
2017-08-12  20:37:26.614,3926,239,3344,821
2017-08-12  20:42:26.616,3942,241,3356,827
2017-08-12  20:47:26.617,3961,242,3373,830
2017-08-12  20:52:26.618,3972,242,3383,831
2017-08-12  20:57:26.620,3983,242,3393,832
2017-08-12  21:02:26.621,4000,242,3407,835
2017-08-12  21:07:26.623,4015,244,3421,838
2017-08-12  21:12:26.624,4031,244,3435,840
2017-08-12  21:17:26.627,4054,246,3453,847
2017-08-12  21:22:26.627,4073,248,3470,851
2017-08-12  21:27:26.628,4086,249,3479,856
2017-08-12  21:32:26.629,4107,251,3497,861
2017-08-12  21:37:26.631,4115,251,3505,861
2017-08-12  21:42:26.632,4129,251,3518,862
2017-08-12  21:47:26.634,4144,251,3530,865
2017-08-12  21:52:26.635,4162,253,3547,868
2017-08-12  21:57:26.636,4176,254,3559,871
2017-08-12  22:02:26.640,4192,255,3572,875
2017-08-12  22:07:26.639,4218,256,3593,881
2017-08-12  22:12:26.641,4232,256,3603,885
2017-08-12  22:17:26.642,4250,260,3619,891
2017-08-12  22:22:26.644,4261,260,3629,892
2017-08-12  22:27:26.647,4272,260,3640,892
2017-08-12  22:32:26.649,4290,261,3655,896
2017-08-12  22:37:26.648,4307,262,3670,899
2017-08-12  22:42:26.652,4320,266,3684,902
2017-08-12  22:47:26.653,4339,266,3698,907
2017-08-12  22:52:26.654,4358,270,3715,913
2017-08-12  22:57:26.654,4375,272,3729,918
2017-08-12  23:02:26.657,4386,274,3739,921
2017-08-12  23:07:26.656,4403,274,3753,924
2017-08-12  23:12:26.657,4411,274,3760,925
2017-08-12  23:17:26.659,4430,274,3776,928
2017-08-12  23:22:26.660,4448,275,3792,931
2017-08-12  23:27:26.662,4458,276,3802,932
2017-08-12  23:32:26.663,4474,278,3815,937
2017-08-12  23:37:26.665,4495,278,3833,940
2017-08-12  23:42:26.670,4517,280,3848,949
2017-08-12  23:47:26.668,4532,281,3860,953
2017-08-12  23:52:26.672,4547,281,3875,953
2017-08-12  23:57:26.671,4556,281,3883,954
2017-08-13  00:02:26.672,15,1,13,3
2017-08-13  00:07:26.674,29,3,25,7
2017-08-13  00:12:26.675,46,3,42,7
2017-08-13  00:17:26.677,59,3,53,9
2017-08-13  00:22:26.679,81,5,70,16
2017-08-13  00:27:26.680,101,5,87,19
2017-08-13  00:32:26.684,113,11,98,26
2017-08-13  00:37:26.683,135,11,116,30
2017-08-13  00:42:26.685,144,13,124,33
2017-08-13  00:47:26.686,156,13,135,34
2017-08-13  00:52:26.690,172,14,149,37
2017-08-13  00:57:26.689,185,14,162,37
2017-08-13  01:02:26.693,200,15,176,39
2017-08-13  01:07:26.691,217,17,189,45
2017-08-13  01:12:26.695,243,17,209,51
2017-08-13  01:17:26.694,258,19,221,56
2017-08-13  01:22:26.696,275,19,236,58
2017-08-13  01:27:26.697,286,20,246,60
2017-08-13  01:32:26.699,297,21,256,62
2017-08-13  01:37:26.700,314,21,271,64
2017-08-13  01:42:26.704,329,22,285,66
2017-08-13  01:47:26.703,341,22,295,68
2017-08-13  01:52:26.704,358,24,307,75
2017-08-13  01:57:26.706,379,24,327,76
2017-08-13  02:02:26.707,400,27,342,85
2017-08-13  02:07:26.708,414,27,353,88
2017-08-13  02:12:26.712,428,28,366,90
2017-08-13  02:17:26.711,436,31,375,92
2017-08-13  02:22:26.712,454,31,391,94
2017-08-13  02:27:26.714,469,32,403,98
2017-08-13  02:32:26.715,483,34,417,100
2017-08-13  02:37:26.716,498,35,429,104
2017-08-13  02:42:26.717,518,35,446,107
2017-08-13  02:47:26.721,538,37,462,113
2017-08-13  02:52:26.720,551,38,474,115
2017-08-13  02:57:26.724,570,40,491,119
2017-08-13  03:02:26.731,577,41,497,121
2017-08-13  03:07:26.732,593,41,511,123
2017-08-13  03:12:26.728,606,42,522,126
2017-08-13  03:17:26.727,622,42,538,126
2017-08-13  03:22:26.729,640,42,552,130
2017-08-13  03:27:26.733,658,43,566,135
2017-08-13  03:32:26.732,681,44,586,139
2017-08-13  03:37:26.736,691,47,594,144
2017-08-13  03:42:26.738,710,47,610,147
2017-08-13  03:47:26.736,720,48,619,149
2017-08-13  03:52:26.738,732,48,630,150
2017-08-13  03:57:26.739,748,49,644,153
2017-08-13  04:02:26.743,763,50,658,155
2017-08-13  04:07:26.742,779,50,672,157
2017-08-13  04:12:26.744,798,51,686,163
2017-08-13  04:17:26.747,821,51,704,168
2017-08-13  04:22:26.749,838,53,717,174
2017-08-13  04:27:26.750,853,54,730,177
2017-08-13  04:32:26.749,865,56,742,179
2017-08-13  04:37:26.751,876,56,752,180
2017-08-13  04:42:26.752,891,56,765,182
2017-08-13  04:47:26.754,908,57,780,185
2017-08-13  04:52:26.758,921,57,791,187
2017-08-13  04:57:26.757,938,58,803,193
2017-08-13  05:02:26.758,958,59,822,195
2017-08-13  05:07:26.762,978,60,837,201
2017-08-13  05:12:26.761,989,62,847,204
2017-08-13  05:17:26.763,1006,66,864,208
2017-08-13  05:22:26.764,1017,66,873,210
2017-08-13  05:27:26.766,1033,67,887,213
2017-08-13  05:32:26.767,1045,69,898,216
2017-08-13  05:37:26.768,1061,69,912,218
2017-08-13  05:42:26.770,1078,69,926,221
2017-08-13  05:47:26.771,1095,73,942,226
2017-08-13  05:52:26.773,1116,74,959,231
2017-08-13  05:57:26.774,1127,76,969,234
2017-08-13  06:02:26.776,1147,79,987,239
2017-08-13  06:07:26.780,1157,79,995,241
2017-08-13  06:12:26.781,1169,79,1007,241
2017-08-13  06:17:26.780,1184,80,1019,245
2017-08-13  06:22:26.782,1203,80,1036,247
2017-08-13  06:27:26.783,1220,80,1049,251
2017-08-13  06:32:26.784,1235,82,1060,257
2017-08-13  06:37:26.786,1259,82,1081,260
2017-08-13  06:42:26.787,1272,85,1092,265
2017-08-13  06:47:26.791,1290,86,1107,269
2017-08-13  06:52:26.790,1299,86,1115,270
2017-08-13  06:57:26.792,1311,86,1127,270
2017-08-13  07:02:26.796,1326,88,1140,274
2017-08-13  07:07:26.795,1343,90,1155,278
2017-08-13  07:12:26.798,1356,90,1167,279
2017-08-13  07:17:26.800,1372,92,1180,284
2017-08-13  07:22:26.799,1394,92,1199,287
2017-08-13  07:27:26.803,1412,95,1212,295
2017-08-13  07:32:26.805,1426,97,1223,300
2017-08-13  07:37:26.804,1441,97,1237,301
2017-08-13  07:42:26.806,1450,97,1246,301
2017-08-13  07:47:26.807,1469,97,1262,304
2017-08-13  07:52:26.808,1486,98,1276,308
2017-08-13  07:57:26.810,1497,98,1286,309
2017-08-13  08:02:26.812,1515,100,1300,315
2017-08-13  08:07:26.815,1535,100,1319,316
2017-08-13  08:12:26.815,1554,103,1332,325
2017-08-13  08:17:26.818,1568,104,1345,327
2017-08-13  08:22:26.818,1584,104,1359,329
2017-08-13  08:27:26.821,1592,104,1366,330
2017-08-13  08:32:26.822,1608,105,1380,333
2017-08-13  08:37:26.824,1622,109,1394,337
2017-08-13  08:42:26.826,1635,112,1409,338
2017-08-13  08:47:26.827,1652,114,1424,342
2017-08-13  08:52:26.828,1667,116,1438,345
2017-08-13  08:57:26.828,1689,116,1455,350
2017-08-13  09:02:26.829,1703,120,1466,357
2017-08-13  09:07:26.833,1720,121,1481,360
2017-08-13  09:12:26.832,1732,121,1492,361
2017-08-13  09:17:26.833,1743,121,1502,362
2017-08-13  09:22:26.837,1758,126,1517,367
2017-08-13  09:27:26.837,1770,133,1533,370
2017-08-13  09:32:26.838,1787,134,1547,374
2017-08-13  09:37:26.840,1804,137,1562,379
2017-08-13  09:42:26.841,1821,138,1576,383
2017-08-13  09:47:26.842,1838,142,1592,388
2017-08-13  09:52:26.846,1852,143,1604,391
2017-08-13  09:57:26.846,1866,144,1617,393
2017-08-13  10:02:26.849,1877,145,1627,395
2017-08-13  10:07:26.848,1891,147,1641,397
2017-08-13  10:12:26.850,1907,148,1655,400
2017-08-13  10:17:26.854,1922,148,1668,402
2017-08-13  10:22:26.853,1936,149,1679,406
2017-08-13  10:27:26.856,1960,149,1700,409
2017-08-13  10:32:26.855,1976,153,1712,417
2017-08-13  10:37:26.857,1988,154,1722,420
2017-08-13  10:42:26.858,2006,154,1739,421
2017-08-13  10:47:26.860,2015,154,1747,422
2017-08-13  10:52:26.864,2034,154,1762,426
2017-08-13  10:57:26.863,2047,155,1773,429
2017-08-13  11:02:26.864,2059,159,1786,432
2017-08-13  11:07:26.868,2077,159,1800,436
2017-08-13  11:12:26.867,2093,161,1816,438
2017-08-13  11:17:26.868,2116,163,1834,445
2017-08-13  11:22:26.872,2126,165,1843,448
2017-08-13  11:27:26.871,2147,165,1861,451
2017-08-13  11:32:26.875,2157,166,1869,454
2017-08-13  11:37:26.874,2173,166,1882,457
2017-08-13  11:42:26.876,2188,167,1895,460
2017-08-13  11:47:26.877,2200,168,1907,461
2017-08-13  11:52:26.878,2217,169,1922,464
2017-08-13  11:57:26.880,2233,170,1935,468
2017-08-13  12:02:26.882,2255,172,1953,474
2017-08-13  12:07:26.883,2268,175,1965,478
2017-08-13  12:12:26.885,2288,176,1982,482
2017-08-13  12:17:26.889,2299,176,1991,484
2017-08-13  12:22:26.887,2311,176,2001,486
2017-08-13  12:27:26.889,2327,176,2016,487
2017-08-13  12:32:26.890,2341,178,2029,490
2017-08-13  12:37:26.892,2358,178,2044,492
2017-08-13  12:42:26.893,2375,179,2056,498
2017-08-13  12:47:26.895,2396,182,2074,504
2017-08-13  12:52:26.898,2415,185,2090,510
2017-08-13  12:57:26.900,2426,186,2100,512
2017-08-13  13:02:26.901,2441,187,2113,515
2017-08-13  13:07:26.900,2451,187,2123,515
2017-08-13  13:12:26.902,2467,187,2136,518
2017-08-13  13:17:26.906,2482,188,2150,520
2017-08-13  13:22:26.905,2494,188,2161,521
2017-08-13  13:27:26.909,2511,189,2175,525
2017-08-13  13:32:26.908,2533,190,2195,528
2017-08-13  13:37:26.910,2550,195,2208,537
2017-08-13  13:42:26.911,2565,196,2222,539
2017-08-13  13:47:26.915,2579,198,2235,542
2017-08-13  13:52:26.914,2590,198,2244,544
2017-08-13  13:57:26.917,2606,198,2257,547
2017-08-13  14:02:26.919,2617,203,2269,551
2017-08-13  14:07:26.921,2633,204,2285,552
2017-08-13  14:12:26.923,2646,208,2299,555
2017-08-13  14:17:26.922,2663,210,2313,560
2017-08-13  14:22:26.923,2685,212,2331,566
2017-08-13  14:27:26.927,2696,214,2341,569
2017-08-13  14:32:26.928,2714,216,2357,573
2017-08-13  14:37:26.930,2722,216,2364,574
2017-08-13  14:42:26.929,2738,216,2378,576
2017-08-13  14:47:26.933,2752,216,2389,579
2017-08-13  14:52:26.935,2770,217,2405,582
2017-08-13  14:57:26.937,2783,217,2417,583
2017-08-13  15:02:26.938,2803,219,2434,588
2017-08-13  15:07:26.937,2821,219,2447,593
2017-08-13  15:12:26.941,2837,222,2461,598
2017-08-13  15:17:26.943,2853,223,2475,601
2017-08-13  15:22:26.944,2865,223,2485,603
2017-08-13  15:27:26.943,2880,223,2499,604
2017-08-13  15:32:26.945,2895,225,2511,609
2017-08-13  15:37:26.946,2905,229,2523,611
2017-08-13  15:42:26.948,2917,229,2534,612
2017-08-13  15:47:26.950,2931,231,2545,617
2017-08-13  15:52:26.954,2948,231,2559,620
2017-08-13  15:57:26.953,2968,234,2573,629
2017-08-13  16:02:26.954,2979,236,2583,632
2017-08-13  16:07:26.955,2994,239,2598,635
2017-08-13  16:12:26.959,3004,239,2607,636
2017-08-13  16:17:26.958,3020,240,2623,637
2017-08-13  16:22:26.960,3033,244,2637,640
2017-08-13  16:27:26.964,3045,245,2648,642
2017-08-13  16:32:26.963,3061,248,2660,649
2017-08-13  16:37:26.967,3080,248,2678,650
2017-08-13  16:42:26.968,3098,251,2692,657
2017-08-13  16:47:26.969,3111,251,2703,659
2017-08-13  16:52:26.971,3128,252,2719,661
2017-08-13  16:57:26.972,3138,252,2727,663
2017-08-13  17:02:26.976,3150,254,2739,665
2017-08-13  17:07:26.977,3164,255,2751,668
2017-08-13  17:12:26.979,3179,255,2766,668
2017-08-13  17:17:26.979,3197,255,2781,671
2017-08-13  17:22:26.980,3215,256,2795,676
2017-08-13  17:27:26.984,3238,256,2813,681
2017-08-13  17:32:26.983,3252,259,2825,686
2017-08-13  17:37:26.984,3268,260,2839,689
2017-08-13  17:42:26.988,3279,260,2849,690
2017-08-13  17:47:26.987,3292,262,2860,694
2017-08-13  17:52:26.989,3310,265,2874,701
2017-08-13  17:57:26.990,3326,267,2889,704
2017-08-13  18:02:26.991,3341,268,2902,707
2017-08-13  18:07:26.995,3361,269,2916,714
2017-08-13  18:12:26.995,3381,272,2934,719
2017-08-13  18:17:26.996,3397,275,2947,725
2017-08-13  18:22:27.000,3411,277,2961,727
2017-08-13  18:27:26.999,3424,277,2972,729
2017-08-13  18:32:27.001,3435,278,2982,731
2017-08-13  18:37:27.002,3453,278,2998,733
2017-08-13  18:42:27.004,3467,279,3011,735
2017-08-13  18:47:27.008,3479,279,3022,736
2017-08-13  18:52:27.010,3497,280,3036,741
2017-08-13  18:57:27.008,3515,280,3052,743
2017-08-13  19:02:27.010,3534,284,3066,752
2017-08-13  19:07:27.012,3547,285,3077,755
2017-08-13  19:12:27.016,3564,285,3093,756
2017-08-13  19:17:27.014,3575,285,3103,757
2017-08-13  19:22:27.016,3590,285,3116,759
2017-08-13  19:27:27.018,3602,287,3127,762
2017-08-13  19:32:27.022,3616,289,3142,763
2017-08-13  19:37:27.023,3633,290,3157,766
2017-08-13  19:42:27.024,3653,292,3174,771
2017-08-13  19:47:27.023,3674,295,3190,779
2017-08-13  19:52:27.027,3689,295,3203,781
2017-08-13  19:57:27.026,3703,296,3215,784
2017-08-13  20:02:27.028,3716,296,3226,786
2017-08-13  20:07:27.029,3727,296,3236,787
2017-08-13  20:12:27.033,3748,297,3253,792
2017-08-13  20:17:27.033,3762,297,3265,794
2017-08-13  20:22:27.037,3775,297,3278,794
2017-08-13  20:27:27.035,3800,298,3297,801
2017-08-13  20:32:27.039,3819,298,3313,804
2017-08-13  20:37:27.041,3835,301,3325,811
2017-08-13  20:42:27.040,3853,302,3340,815
2017-08-13  20:47:27.042,3863,302,3349,816
2017-08-13  20:52:27.046,3876,302,3361,817
2017-08-13  20:57:27.047,3896,302,3378,820
2017-08-13  21:02:27.046,3909,304,3389,824
2017-08-13  21:07:27.048,3925,304,3403,826
2017-08-13  21:12:27.049,3945,305,3420,830
2017-08-13  21:17:27.050,3966,305,3436,835
2017-08-13  21:22:27.054,3981,308,3449,840
2017-08-13  21:27:27.053,3999,309,3463,845
2017-08-13  21:32:27.055,4011,309,3473,847
2017-08-13  21:37:27.056,4023,309,3484,848
2017-08-13  21:42:27.060,4038,309,3497,850
2017-08-13  21:47:27.059,4054,310,3512,852
2017-08-13  21:52:27.061,4070,310,3525,855
2017-08-13  21:57:27.062,4090,314,3543,861
2017-08-13  22:02:27.067,4110,314,3559,865
2017-08-13  22:07:27.069,4110,314,3559,865
2017-08-13  22:12:27.069,4125,317,3571,871
2017-08-13  22:17:27.071,4143,319,3588,874
2017-08-13  22:22:27.072,4151,319,3594,876
2017-08-13  22:27:27.071,4165,319,3607,877
2017-08-13  22:32:27.072,4179,319,3619,879
2017-08-13  22:37:27.074,4196,320,3635,881
2017-08-13  22:42:27.078,4212,320,3649,883
2017-08-13  22:47:27.079,4228,321,3662,887
2017-08-13  22:52:27.079,4251,321,3679,893
2017-08-13  22:57:27.080,4266,324,3692,898
2017-08-13  23:02:27.082,4283,324,3706,901
2017-08-13  23:07:27.083,4295,326,3717,904
2017-08-13  23:12:27.085,4308,326,3728,906
2017-08-13  23:17:27.086,4322,331,3743,910
2017-08-13  23:22:27.088,4336,333,3758,911
2017-08-13  23:27:27.092,4347,334,3769,912
2017-08-13  23:32:27.091,4364,336,3783,917
2017-08-13  23:37:27.093,4385,337,3801,921
2017-08-13  23:42:27.094,4402,340,3815,927
2017-08-13  23:47:27.096,4414,343,3825,932
2017-08-13  23:52:27.097,4429,344,3839,934
2017-08-13  23:57:27.101,4439,344,3848,935
2017-08-14  00:02:27.100,0,0,0,0
2017-08-14  00:07:27.102,13,2,12,3
2017-08-14  00:12:27.103,27,2,25,4
2017-08-14  00:17:27.105,45,3,40,8
2017-08-14  00:22:27.109,68,6,60,14
2017-08-14  00:27:27.108,82,8,72,18
2017-08-14  00:32:27.111,98,10,85,23
2017-08-14  00:37:27.111,113,13,100,26
2017-08-14  00:42:27.115,124,13,108,29
2017-08-14  00:47:27.116,141,13,121,33
2017-08-14  00:52:27.117,151,15,132,34
2017-08-14  00:57:27.117,167,15,148,34
2017-08-14  01:02:27.120,182,16,161,37
2017-08-14  01:07:27.120,203,18,177,44
2017-08-14  01:12:27.120,224,19,194,49
2017-08-14  01:17:27.123,237,21,204,54
2017-08-14  01:22:27.124,258,21,222,57
2017-08-14  01:27:27.126,265,22,228,59
2017-08-14  01:32:27.127,280,22,241,61
2017-08-14  01:37:27.129,294,23,254,63
2017-08-14  01:42:27.130,309,24,267,66
2017-08-14  01:47:27.131,327,24,282,69
2017-08-14  01:52:27.133,345,25,296,74
2017-08-14  01:57:27.134,366,25,313,78
2017-08-14  02:02:27.136,382,27,327,82
2017-08-14  02:07:27.140,396,32,341,87
2017-08-14  02:12:27.139,410,33,352,91
2017-08-14  02:17:27.143,422,33,362,93
2017-08-14  02:22:27.142,438,34,377,95
2017-08-14  02:27:27.146,453,38,392,99
2017-08-14  02:32:27.147,466,38,404,100
2017-08-14  02:37:27.148,483,41,417,107
2017-08-14  02:42:27.147,500,41,433,108
2017-08-14  02:47:27.149,520,46,450,116
2017-08-14  02:52:27.150,531,50,462,119
2017-08-14  02:57:27.155,548,51,477,122
2017-08-14  03:02:27.153,556,52,485,123
2017-08-14  03:07:27.158,571,54,498,127
2017-08-14  03:12:27.156,586,55,511,130
2017-08-14  03:17:27.161,602,55,524,133
2017-08-14  03:22:27.160,618,56,538,136
2017-08-14  03:27:27.161,636,56,553,139
2017-08-14  03:32:27.162,658,59,571,146
2017-08-14  03:37:27.164,671,61,582,150
2017-08-14  03:42:27.167,688,62,597,153
2017-08-14  03:47:27.167,697,62,604,155
2017-08-14  03:52:27.171,709,62,615,156
2017-08-14  03:57:27.173,724,63,627,160
2017-08-14  04:02:27.172,741,63,643,161
2017-08-14  04:07:27.174,753,65,655,163
2017-08-14  04:12:27.175,775,66,672,169
2017-08-14  04:17:27.180,796,67,689,174
2017-08-14  04:22:27.178,808,69,699,178
2017-08-14  04:27:27.180,826,69,714,181
2017-08-14  04:32:27.182,841,70,726,185
2017-08-14  04:37:27.183,852,71,735,188
2017-08-14  04:42:27.185,869,71,750,190
2017-08-14  04:47:27.186,883,72,764,191
2017-08-14  04:52:27.188,898,72,778,192
2017-08-14  04:57:27.190,915,73,791,197
2017-08-14  05:02:27.191,935,73,806,202
2017-08-14  05:07:27.192,952,76,821,207
2017-08-14  05:12:27.196,966,78,833,211
2017-08-14  05:17:27.195,980,78,845,213
2017-08-14  05:22:27.196,991,78,856,213
2017-08-14  05:27:27.197,1007,78,870,215
2017-08-14  05:32:27.199,1023,79,884,218
2017-08-14  05:37:27.203,1039,80,897,222
2017-08-14  05:42:27.202,1054,81,908,227
2017-08-14  05:47:27.204,1074,81,925,230
2017-08-14  05:52:27.207,1094,86,942,238
2017-08-14  05:57:27.207,1106,88,952,242
2017-08-14  06:02:27.208,1121,88,966,243
2017-08-14  06:07:27.210,1131,89,974,246
2017-08-14  06:12:27.211,1147,89,989,247
2017-08-14  06:17:27.215,1161,90,1001,250
2017-08-14  06:22:27.214,1175,90,1015,250
2017-08-14  06:27:27.216,1192,90,1029,253
2017-08-14  06:32:27.217,1210,91,1044,257
2017-08-14  06:37:27.219,1231,93,1060,264
2017-08-14  06:42:27.220,1245,95,1072,268
2017-08-14  06:47:27.222,1265,96,1088,273
2017-08-14  06:52:27.224,1275,96,1097,274
2017-08-14  06:57:27.227,1289,96,1109,276
2017-08-14  07:02:27.227,1303,97,1121,279
2017-08-14  07:07:27.229,1317,101,1137,281
2017-08-14  07:12:27.230,1332,101,1150,283
2017-08-14  07:17:27.231,1352,103,1166,289
2017-08-14  07:22:27.233,1371,103,1182,292
2017-08-14  07:27:27.234,1386,106,1195,297
2017-08-14  07:32:27.238,1402,107,1208,301
2017-08-14  07:37:27.238,1414,108,1219,303
2017-08-14  07:42:27.242,1425,111,1232,304
2017-08-14  07:47:27.241,1440,113,1245,308
2017-08-14  07:52:27.245,1453,120,1261,312
2017-08-14  07:57:27.244,1467,121,1275,313
2017-08-14  08:02:27.246,1481,124,1287,318
2017-08-14  08:07:27.250,1500,126,1304,322
2017-08-14  08:12:27.251,1520,130,1319,331
2017-08-14  08:17:27.250,1533,131,1331,333
2017-08-14  08:22:27.252,1548,131,1344,335
2017-08-14  08:27:27.255,1558,131,1354,335
2017-08-14  08:32:27.255,1575,132,1369,338
2017-08-14  08:37:27.256,1588,134,1381,341
2017-08-14  08:42:27.257,1600,135,1392,343
2017-08-14  08:47:27.258,1619,137,1407,349
2017-08-14  08:52:27.262,1636,141,1427,350
2017-08-14  08:57:27.264,1654,144,1439,359
2017-08-14  09:02:27.263,1668,146,1449,365
2017-08-14  09:07:27.264,1688,147,1468,367
2017-08-14  09:12:27.265,1698,147,1477,368
2017-08-14  09:17:27.267,1711,147,1487,371
2017-08-14  09:22:27.271,1725,148,1500,373
2017-08-14  09:27:27.270,1740,148,1515,373
2017-08-14  09:32:27.271,1755,148,1528,375
2017-08-14  09:37:27.276,1775,150,1545,380
2017-08-14  09:42:27.277,1800,150,1563,387
2017-08-14  09:47:27.276,1810,154,1574,390
2017-08-14  09:52:27.277,1829,155,1590,394
2017-08-14  09:57:27.281,1837,156,1597,396
2017-08-14  10:02:27.281,1851,156,1609,398
2017-08-14  10:07:27.284,1865,158,1623,400
