Timestamp,MTCD  in  CWP  3
2017-08-11  18:36:34,0
2017-08-11  18:37:34,0
2017-08-11  18:38:34,0
2017-08-11  18:39:35,0
2017-08-11  18:40:35,1
2017-08-11  18:41:35,1
2017-08-11  18:42:35,0
2017-08-11  18:43:36,0
2017-08-11  18:44:36,0
2017-08-11  18:45:36,1
2017-08-11  18:46:37,0
2017-08-11  18:47:37,0
2017-08-11  18:48:37,0
2017-08-11  18:49:38,1
2017-08-11  18:50:38,0
2017-08-11  18:51:38,1
2017-08-11  18:52:38,0
2017-08-11  18:53:39,0
2017-08-11  18:54:39,1
2017-08-11  18:55:39,1
2017-08-11  18:56:39,0
2017-08-11  18:57:40,0
2017-08-11  18:58:40,0
2017-08-11  18:59:40,0
2017-08-11  19:00:40,0
2017-08-11  19:01:41,0
2017-08-11  19:02:41,0
2017-08-11  19:03:41,0
2017-08-11  19:04:42,2
2017-08-11  19:05:42,1
2017-08-11  19:06:42,1
2017-08-11  19:07:42,1
2017-08-11  19:08:43,1
2017-08-11  19:09:43,1
2017-08-11  19:10:43,2
2017-08-11  19:11:43,2
2017-08-11  19:12:44,2
2017-08-11  19:13:44,2
2017-08-11  19:14:44,2
2017-08-11  19:15:44,3
2017-08-11  19:16:45,3
2017-08-11  19:17:45,2
2017-08-11  19:18:45,2
2017-08-11  19:19:45,2
2017-08-11  19:20:46,2
2017-08-11  19:21:46,2
2017-08-11  19:22:46,2
2017-08-11  19:23:47,1
2017-08-11  19:24:47,2
2017-08-11  19:25:47,1
2017-08-11  19:26:47,4
2017-08-11  19:27:48,2
2017-08-11  19:28:48,2
2017-08-11  19:29:48,2
2017-08-11  19:30:48,3
2017-08-11  19:31:49,5
2017-08-11  19:32:49,2
2017-08-11  19:33:49,2
2017-08-11  19:34:49,2
2017-08-11  19:35:50,2
2017-08-11  19:36:50,2
2017-08-11  19:37:50,2
2017-08-11  19:38:50,2
2017-08-11  19:39:51,2
2017-08-11  19:40:51,4
2017-08-11  19:41:51,4
2017-08-11  19:42:51,4
2017-08-11  19:43:52,5
2017-08-11  19:44:52,7
2017-08-11  19:45:52,4
2017-08-11  19:46:52,5
2017-08-11  19:47:53,4
2017-08-11  19:48:53,3
2017-08-11  19:49:53,3
2017-08-11  19:50:54,3
2017-08-11  19:51:54,3
2017-08-11  19:52:54,4
2017-08-11  19:53:54,4
2017-08-11  19:54:55,6
2017-08-11  19:55:55,5
2017-08-11  19:56:55,4
2017-08-11  19:57:55,3
2017-08-11  19:58:56,4
2017-08-11  19:59:56,4
2017-08-11  20:00:56,5
2017-08-11  20:01:57,5
2017-08-11  20:02:57,4
2017-08-11  20:03:57,4
2017-08-11  20:04:57,8
2017-08-11  20:05:58,5
2017-08-11  20:06:58,3
2017-08-11  20:07:58,4
2017-08-11  20:08:58,8
2017-08-11  20:09:59,8
2017-08-11  20:10:59,6
2017-08-11  20:11:59,6
2017-08-11  20:13:00,6
2017-08-11  20:14:00,8
2017-08-11  20:15:00,6
2017-08-11  20:16:01,9
2017-08-11  20:17:01,5
2017-08-11  20:18:01,5
2017-08-11  20:19:01,6
2017-08-11  20:20:02,4
2017-08-11  20:21:02,1
2017-08-11  20:22:02,2
2017-08-11  20:23:03,2
2017-08-11  20:24:03,2
2017-08-11  20:25:03,2
2017-08-11  20:26:03,3
2017-08-11  20:27:04,1
2017-08-11  20:28:04,0
2017-08-11  20:29:04,2
2017-08-11  20:30:04,2
2017-08-11  20:31:05,2
2017-08-11  20:32:05,2
2017-08-11  20:33:05,2
2017-08-11  20:34:05,2
2017-08-11  20:35:06,1
2017-08-11  20:36:06,2
2017-08-11  20:37:06,1
2017-08-11  20:38:06,3
2017-08-11  20:39:07,2
2017-08-11  20:40:07,2
2017-08-11  20:41:07,2
2017-08-11  20:42:08,3
2017-08-11  20:43:08,4
2017-08-11  20:44:08,2
2017-08-11  20:45:08,3
2017-08-11  20:46:09,3
2017-08-11  20:47:09,3
2017-08-11  20:48:09,4
2017-08-11  20:49:10,4
2017-08-11  20:50:10,5
2017-08-11  20:51:10,4
2017-08-11  20:52:10,3
2017-08-11  20:53:11,4
2017-08-11  20:54:11,5
2017-08-11  20:55:11,8
2017-08-11  20:56:11,6
2017-08-11  20:57:12,5
2017-08-11  20:58:12,3
2017-08-11  20:59:12,5
2017-08-11  21:00:12,4
2017-08-11  21:01:13,5
2017-08-11  21:02:13,8
2017-08-11  21:03:13,5
2017-08-11  21:04:13,3
2017-08-11  21:05:14,4
2017-08-11  21:06:14,1
2017-08-11  21:07:14,1
2017-08-11  21:08:15,1
2017-08-11  21:09:15,3
2017-08-11  21:10:15,3
2017-08-11  21:11:15,2
2017-08-11  21:12:16,3
2017-08-11  21:13:16,4
2017-08-11  21:14:16,8
2017-08-11  21:15:17,3
2017-08-11  21:16:17,5
2017-08-11  21:17:17,4
2017-08-11  21:18:17,3
2017-08-11  21:19:18,3
2017-08-11  21:20:18,3
2017-08-11  21:21:18,4
2017-08-11  21:22:18,3
2017-08-11  21:23:19,3
2017-08-11  21:24:19,3
2017-08-11  21:25:19,4
2017-08-11  21:26:20,3
2017-08-11  21:27:20,4
2017-08-11  21:28:20,3
2017-08-11  21:29:20,3
2017-08-11  21:30:21,4
2017-08-11  21:31:21,5
2017-08-11  21:32:21,4
2017-08-11  21:33:21,4
2017-08-11  21:34:22,9
2017-08-11  21:35:22,5
2017-08-11  21:36:22,3
2017-08-11  21:37:23,3
2017-08-11  21:38:23,3
2017-08-11  21:39:23,7
2017-08-11  21:40:23,10
2017-08-11  21:41:24,6
2017-08-11  21:42:24,6
2017-08-11  21:43:24,6
2017-08-11  21:44:24,5
2017-08-11  21:45:25,5
2017-08-11  21:46:25,8
2017-08-11  21:47:25,10
2017-08-11  21:48:26,6
2017-08-11  21:49:26,5
2017-08-11  21:50:26,2
2017-08-11  21:51:26,4
2017-08-11  21:52:27,4
2017-08-11  21:53:27,4
2017-08-11  21:54:27,4
2017-08-11  21:55:27,3
2017-08-11  21:56:28,4
2017-08-11  21:57:28,3
2017-08-11  21:58:28,5
2017-08-11  21:59:28,7
2017-08-11  22:00:29,3
2017-08-11  22:01:29,4
2017-08-11  22:02:29,2
2017-08-11  22:03:30,1
2017-08-11  22:04:30,2
2017-08-11  22:05:30,2
2017-08-11  22:06:30,1
2017-08-11  22:07:31,2
2017-08-11  22:08:31,1
2017-08-11  22:09:31,3
2017-08-11  22:10:31,4
2017-08-11  22:11:32,3
2017-08-11  22:12:32,2
2017-08-11  22:13:32,3
2017-08-11  22:14:32,3
2017-08-11  22:15:33,3
2017-08-11  22:16:33,3
2017-08-11  22:17:33,5
2017-08-11  22:18:33,5
2017-08-11  22:19:34,4
2017-08-11  22:20:34,7
2017-08-11  22:21:34,5
2017-08-11  22:22:35,4
2017-08-11  22:23:35,3
2017-08-11  22:24:35,3
2017-08-11  22:25:35,7
2017-08-11  22:26:36,10
2017-08-11  22:27:36,7
2017-08-11  22:28:36,7
2017-08-11  22:29:36,6
2017-08-11  22:30:37,6
2017-08-11  22:31:37,5
2017-08-11  22:32:37,7
2017-08-11  22:33:38,6
2017-08-11  22:34:38,6
2017-08-11  22:35:38,3
2017-08-11  22:36:38,3
2017-08-11  22:37:39,3
2017-08-11  22:38:39,4
2017-08-11  22:39:39,5
2017-08-11  22:40:39,5
2017-08-11  22:41:40,4
2017-08-11  22:42:40,6
2017-08-11  22:43:40,5
2017-08-11  22:44:41,8
2017-08-11  22:45:41,9
2017-08-11  22:46:41,5
2017-08-11  22:47:41,5
2017-08-11  22:48:42,6
2017-08-11  22:49:42,4
2017-08-11  22:50:42,3
2017-08-11  22:51:42,3
2017-08-11  22:52:43,3
2017-08-11  22:53:43,4
2017-08-11  22:54:43,3
2017-08-11  22:55:43,4
2017-08-11  22:56:44,4
2017-08-11  22:57:44,4
2017-08-11  22:58:44,2
2017-08-11  22:59:45,2
2017-08-11  23:00:45,4
2017-08-11  23:01:45,5
2017-08-11  23:02:46,4
2017-08-11  23:03:46,5
2017-08-11  23:04:46,5
2017-08-11  23:05:46,4
2017-08-11  23:06:47,8
2017-08-11  23:07:47,5
2017-08-11  23:08:47,4
2017-08-11  23:09:47,3
2017-08-11  23:10:48,3
2017-08-11  23:11:48,6
2017-08-11  23:12:48,7
2017-08-11  23:13:49,7
2017-08-11  23:14:49,5
2017-08-11  23:15:49,7
2017-08-11  23:16:49,6
2017-08-11  23:17:50,6
2017-08-11  23:18:50,6
2017-08-11  23:19:50,7
2017-08-11  23:20:50,8
2017-08-11  23:21:51,7
2017-08-11  23:22:51,4
2017-08-11  23:23:51,5
2017-08-11  23:24:51,4
2017-08-11  23:25:52,2
2017-08-11  23:26:52,2
2017-08-11  23:27:52,2
2017-08-11  23:28:53,7
2017-08-11  23:29:53,4
2017-08-11  23:30:53,3
2017-08-11  23:31:53,3
2017-08-11  23:32:54,6
2017-08-11  23:33:54,5
2017-08-11  23:34:54,4
2017-08-11  23:35:55,3
2017-08-11  23:36:55,3
2017-08-11  23:37:55,2
2017-08-11  23:38:55,4
2017-08-11  23:39:56,4
2017-08-11  23:40:56,3
2017-08-11  23:41:56,5
2017-08-11  23:42:56,6
2017-08-11  23:43:57,5
2017-08-11  23:44:57,3
2017-08-11  23:45:57,3
2017-08-11  23:46:57,4
2017-08-11  23:47:58,3
2017-08-11  23:48:58,6
2017-08-11  23:49:58,5
2017-08-11  23:50:58,5
2017-08-11  23:51:59,4
2017-08-11  23:52:59,4
2017-08-11  23:53:59,8
2017-08-11  23:54:59,4
2017-08-11  23:56:00,3
2017-08-11  23:57:00,4
2017-08-11  23:58:00,6
2017-08-11  23:59:00,7
2017-08-12  0:00:01,5
2017-08-12  0:01:01,6
2017-08-12  0:02:01,6
2017-08-12  0:03:01,7
2017-08-12  0:04:02,5
2017-08-12  0:05:02,4
2017-08-12  0:06:02,7
2017-08-12  0:07:02,6
2017-08-12  0:08:03,7
2017-08-12  0:09:03,2
2017-08-12  0:10:03,2
2017-08-12  0:11:03,2
2017-08-12  0:12:04,3
2017-08-12  0:13:04,3
2017-08-12  0:14:04,2
2017-08-12  0:15:05,2
2017-08-12  0:16:05,4
2017-08-12  0:17:05,4
2017-08-12  0:18:05,3
2017-08-12  0:19:06,5
2017-08-12  0:20:06,5
2017-08-12  0:21:06,4
2017-08-12  0:22:06,5
2017-08-12  0:23:07,5
2017-08-12  0:24:07,4
2017-08-12  0:25:07,4
2017-08-12  0:26:08,3
2017-08-12  0:27:08,5
2017-08-12  0:28:08,4
2017-08-12  0:29:08,4
2017-08-12  0:30:09,4
2017-08-12  0:31:09,4
2017-08-12  0:32:09,3
2017-08-12  0:33:10,4
2017-08-12  0:34:10,3
2017-08-12  0:35:10,3
2017-08-12  0:36:10,3
2017-08-12  0:37:11,4
2017-08-12  0:38:11,3
2017-08-12  0:39:11,5
2017-08-12  0:40:12,4
2017-08-12  0:41:12,3
2017-08-12  0:42:12,3
2017-08-12  0:43:12,3
2017-08-12  0:44:13,4
2017-08-12  0:45:13,7
2017-08-12  0:46:13,6
2017-08-12  0:47:13,6
2017-08-12  0:48:14,3
2017-08-12  0:49:14,6
2017-08-12  0:50:14,6
2017-08-12  0:51:15,5
2017-08-12  0:52:15,8
2017-08-12  0:53:15,7
2017-08-12  0:54:15,8
2017-08-12  0:55:16,6
2017-08-12  0:56:16,3
2017-08-12  0:57:16,3
2017-08-12  0:58:16,2
2017-08-12  0:59:17,2
2017-08-12  1:00:17,2
2017-08-12  1:01:17,2
2017-08-12  1:02:17,5
2017-08-12  1:03:18,2
2017-08-12  1:04:18,2
2017-08-12  1:05:18,2
2017-08-12  1:06:19,4
2017-08-12  1:07:19,4
2017-08-12  1:08:19,5
2017-08-12  1:09:19,4
2017-08-12  1:10:20,4
2017-08-12  1:11:20,4
2017-08-12  1:12:20,4
2017-08-12  1:13:21,3
2017-08-12  1:14:21,3
2017-08-12  1:15:21,4
2017-08-12  1:16:21,5
2017-08-12  1:17:22,5
2017-08-12  1:18:22,5
2017-08-12  1:19:22,9
2017-08-12  1:20:22,7
2017-08-12  1:21:23,6
2017-08-12  1:22:23,5
2017-08-12  1:23:23,8
2017-08-12  1:24:23,7
2017-08-12  1:25:24,6
2017-08-12  1:26:24,8
2017-08-12  1:27:24,6
2017-08-12  1:28:24,4
2017-08-12  1:29:25,4
2017-08-12  1:30:25,5
2017-08-12  1:31:25,6
2017-08-12  1:32:25,8
2017-08-12  1:33:26,6
2017-08-12  1:34:26,6
2017-08-12  1:35:26,6
2017-08-12  1:36:26,5
2017-08-12  1:37:27,5
2017-08-12  1:38:27,9
2017-08-12  1:39:27,10
2017-08-12  1:40:28,6
2017-08-12  1:41:28,5
2017-08-12  1:42:28,3
2017-08-12  1:43:28,3
2017-08-12  1:44:29,3
2017-08-12  1:45:29,3
2017-08-12  1:46:29,3
2017-08-12  1:47:30,3
2017-08-12  1:48:30,3
2017-08-12  1:49:30,4
2017-08-12  1:50:30,4
2017-08-12  1:51:31,4
2017-08-12  1:52:31,6
2017-08-12  1:53:31,4
2017-08-12  1:54:31,4
2017-08-12  1:55:32,4
2017-08-12  1:56:32,6
2017-08-12  1:57:32,4
2017-08-12  1:58:33,6
2017-08-12  1:59:33,5
2017-08-12  2:00:33,5
2017-08-12  2:01:33,5
2017-08-12  2:02:34,6
2017-08-12  2:03:34,4
2017-08-12  2:04:34,5
2017-08-12  2:05:35,7
2017-08-12  2:06:35,7
2017-08-12  2:07:35,8
2017-08-12  2:08:35,8
2017-08-12  2:09:36,7
2017-08-12  2:10:36,6
2017-08-12  2:11:36,5
2017-08-12  2:12:36,9
2017-08-12  2:13:37,6
2017-08-12  2:14:37,4
2017-08-12  2:15:37,4
2017-08-12  2:16:38,4
2017-08-12  2:17:38,8
2017-08-12  2:18:38,7
2017-08-12  2:19:39,7
2017-08-12  2:20:39,7
2017-08-12  2:21:39,5
2017-08-12  2:22:40,8
2017-08-12  2:23:40,6
2017-08-12  2:24:40,10
2017-08-12  2:25:40,9
2017-08-12  2:26:41,6
2017-08-12  2:27:41,9
2017-08-12  2:28:41,4
2017-08-12  2:29:42,4
2017-08-12  2:30:42,3
2017-08-12  2:31:42,4
2017-08-12  2:32:42,4
2017-08-12  2:33:43,5
2017-08-12  2:34:43,6
2017-08-12  2:35:43,6
2017-08-12  2:36:43,5
2017-08-12  2:37:44,6
2017-08-12  2:38:44,8
2017-08-12  2:39:44,8
2017-08-12  2:40:45,6
2017-08-12  2:41:45,6
2017-08-12  2:42:45,7
2017-08-12  2:43:45,7
2017-08-12  2:44:46,5
2017-08-12  2:45:46,2
2017-08-12  2:46:46,2
2017-08-12  2:47:46,3
2017-08-12  2:48:47,4
2017-08-12  2:49:47,4
2017-08-12  2:50:47,5
2017-08-12  2:51:48,5
2017-08-12  2:52:48,7
2017-08-12  2:53:48,5
2017-08-12  2:54:48,5
2017-08-12  2:55:49,7
2017-08-12  2:56:49,5
2017-08-12  2:57:49,5
2017-08-12  2:58:49,7
2017-08-12  2:59:50,5
2017-08-12  3:00:50,4
2017-08-12  3:01:50,4
2017-08-12  3:02:50,4
2017-08-12  3:03:51,7
2017-08-12  3:04:51,6
2017-08-12  3:05:51,6
2017-08-12  3:06:51,6
2017-08-12  3:07:52,6
2017-08-12  3:08:52,5
2017-08-12  3:09:52,3
2017-08-12  3:10:52,6
2017-08-12  3:11:53,10
2017-08-12  3:12:53,9
2017-08-12  3:13:53,5
2017-08-12  3:14:54,4
2017-08-12  3:15:54,3
2017-08-12  3:16:54,3
2017-08-12  3:17:54,3
2017-08-12  3:18:55,3
2017-08-12  3:19:55,4
2017-08-12  3:20:55,6
2017-08-12  3:21:55,6
2017-08-12  3:22:56,7
2017-08-12  3:23:56,8
2017-08-12  3:24:56,10
2017-08-12  3:25:56,9
2017-08-12  3:26:57,12
2017-08-12  3:27:57,8
2017-08-12  3:28:57,5
2017-08-12  3:29:58,7
2017-08-12  3:30:58,8
2017-08-12  3:31:58,6
2017-08-12  3:32:58,4
2017-08-12  3:33:59,3
2017-08-12  3:34:59,6
2017-08-12  3:35:59,7
2017-08-12  3:36:59,5
2017-08-12  3:38:00,5
2017-08-12  3:39:00,5
2017-08-12  3:40:00,6
2017-08-12  3:41:00,5
2017-08-12  3:42:01,5
2017-08-12  3:43:01,4
2017-08-12  3:44:01,4
2017-08-12  3:45:02,3
2017-08-12  3:46:02,6
2017-08-12  3:47:02,3
2017-08-12  3:48:02,2
2017-08-12  3:49:03,2
2017-08-12  3:50:03,3
2017-08-12  3:51:03,5
2017-08-12  3:52:04,5
2017-08-12  3:53:04,6
2017-08-12  3:54:04,6
2017-08-12  3:55:04,7
2017-08-12  3:56:05,7
2017-08-12  3:57:05,7
2017-08-12  3:58:05,7
2017-08-12  3:59:06,9
2017-08-12  4:00:06,6
2017-08-12  4:01:06,6
2017-08-12  4:02:06,4
2017-08-12  4:03:07,3
2017-08-12  4:04:07,5
2017-08-12  4:05:07,5
2017-08-12  4:06:07,4
2017-08-12  4:07:08,5
2017-08-12  4:08:08,5
2017-08-12  4:09:08,5
2017-08-12  4:10:08,5
2017-08-12  4:11:09,5
2017-08-12  4:12:09,6
2017-08-12  4:13:09,6
2017-08-12  4:14:10,6
2017-08-12  4:15:10,6
2017-08-12  4:16:10,4
2017-08-12  4:17:10,2
2017-08-12  4:18:11,4
2017-08-12  4:19:11,2
2017-08-12  4:20:11,1
2017-08-12  4:21:11,2
2017-08-12  4:22:12,3
2017-08-12  4:23:12,4
2017-08-12  4:24:12,5
2017-08-12  4:25:13,5
2017-08-12  4:26:13,5
2017-08-12  4:27:13,6
2017-08-12  4:28:13,6
2017-08-12  4:29:14,5
2017-08-12  4:30:14,6
2017-08-12  4:31:14,9
2017-08-12  4:32:15,6
2017-08-12  4:33:15,4
2017-08-12  4:34:15,4
2017-08-12  4:35:15,4
2017-08-12  4:36:16,5
2017-08-12  4:37:16,5
2017-08-12  4:38:16,5
2017-08-12  4:39:16,5
2017-08-12  4:40:17,7
2017-08-12  4:41:17,7
2017-08-12  4:42:17,10
2017-08-12  4:43:18,8
2017-08-12  4:44:18,9
2017-08-12  4:45:18,9
2017-08-12  4:46:18,8
2017-08-12  4:47:19,8
2017-08-12  4:48:19,11
2017-08-12  4:49:19,9
2017-08-12  4:50:20,8
2017-08-12  4:51:20,6
2017-08-12  4:52:20,5
2017-08-12  4:53:20,6
2017-08-12  4:54:21,7
2017-08-12  4:55:21,6
2017-08-12  4:56:21,5
2017-08-12  4:57:21,10
2017-08-12  4:58:22,9
2017-08-12  4:59:22,8
2017-08-12  5:00:22,9
2017-08-12  5:01:23,7
2017-08-12  5:02:23,7
2017-08-12  5:03:23,7
2017-08-12  5:04:23,5
2017-08-12  5:05:24,5
2017-08-12  5:06:24,5
2017-08-12  5:07:24,9
2017-08-12  5:08:24,8
2017-08-12  5:09:25,7
2017-08-12  5:10:25,8
2017-08-12  5:11:25,7
2017-08-12  5:12:25,6
2017-08-12  5:13:26,6
2017-08-12  5:14:26,8
2017-08-12  5:15:26,8
2017-08-12  5:16:26,8
2017-08-12  5:17:27,8
2017-08-12  5:18:27,12
2017-08-12  5:19:27,9
2017-08-12  5:20:28,6
2017-08-12  5:21:28,6
2017-08-12  5:22:28,6
2017-08-12  5:23:28,9
2017-08-12  5:24:29,9
2017-08-12  5:25:29,7
2017-08-12  5:26:29,12
2017-08-12  5:27:29,14
2017-08-12  5:28:30,14
2017-08-12  5:29:30,14
2017-08-12  5:30:30,15
2017-08-12  5:31:31,15
2017-08-12  5:32:31,14
2017-08-12  5:33:31,19
2017-08-12  5:34:31,16
2017-08-12  5:35:32,9
2017-08-12  5:36:32,10
2017-08-12  5:37:32,5
2017-08-12  5:38:32,6
2017-08-12  5:39:33,5
2017-08-12  5:40:33,6
2017-08-12  5:41:33,5
2017-08-12  5:42:34,5
2017-08-12  5:43:34,8
2017-08-12  5:44:34,8
2017-08-12  5:45:34,7
2017-08-12  5:46:35,5
2017-08-12  5:47:35,7
2017-08-12  5:48:35,6
2017-08-12  5:49:35,5
2017-08-12  5:50:36,4
2017-08-12  5:51:36,4
2017-08-12  5:52:36,5
2017-08-12  5:53:37,6
2017-08-12  5:54:37,6
2017-08-12  5:55:37,6
2017-08-12  5:56:37,4
2017-08-12  5:57:38,4
2017-08-12  5:58:38,4
2017-08-12  5:59:38,3
2017-08-12  6:00:38,4
2017-08-12  6:01:39,4
2017-08-12  6:02:39,5
2017-08-12  6:03:39,5
2017-08-12  6:04:39,8
2017-08-12  6:05:40,6
2017-08-12  6:06:40,3
2017-08-12  6:07:40,3
2017-08-12  6:08:41,3
2017-08-12  6:09:41,5
2017-08-12  6:10:41,3
2017-08-12  6:11:41,5
2017-08-12  6:12:42,7
2017-08-12  6:13:42,9
2017-08-12  6:14:42,9
2017-08-12  6:15:42,9
2017-08-12  6:16:43,14
2017-08-12  6:17:43,11
2017-08-12  6:18:43,9
2017-08-12  6:19:44,11
2017-08-12  6:20:44,12
2017-08-12  6:21:44,11
2017-08-12  6:22:44,8
2017-08-12  6:23:45,7
2017-08-12  6:24:45,4
2017-08-12  6:25:45,3
2017-08-12  6:26:45,3
2017-08-12  6:27:46,5
2017-08-12  6:28:46,4
2017-08-12  6:29:46,5
2017-08-12  6:30:47,5
2017-08-12  6:31:47,5
2017-08-12  6:32:47,4
2017-08-12  6:33:47,4
2017-08-12  6:34:48,3
2017-08-12  6:35:48,3
2017-08-12  6:36:48,3
2017-08-12  6:37:49,3
2017-08-12  6:38:49,4
2017-08-12  6:39:49,3
2017-08-12  6:40:50,5
2017-08-12  6:41:50,5
2017-08-12  6:42:50,3
2017-08-12  6:43:50,3
2017-08-12  6:44:51,4
2017-08-12  6:45:51,3
2017-08-12  6:46:51,3
2017-08-12  6:47:52,4
2017-08-12  6:48:52,3
2017-08-12  6:49:52,4
2017-08-12  6:50:52,4
2017-08-12  6:51:53,7
2017-08-12  6:52:53,5
2017-08-12  6:53:53,3
2017-08-12  6:54:53,3
2017-08-12  6:55:54,3
2017-08-12  6:56:54,4
2017-08-12  6:57:54,3
2017-08-12  6:58:55,4
2017-08-12  6:59:55,5
2017-08-12  7:00:55,7
2017-08-12  7:01:55,6
2017-08-12  7:02:56,7
2017-08-12  7:03:56,7
2017-08-12  7:04:56,8
2017-08-12  7:05:57,10
2017-08-12  7:06:57,7
2017-08-12  7:07:57,10
2017-08-12  7:08:57,10
2017-08-12  7:09:58,7
2017-08-12  7:10:58,5
2017-08-12  7:11:58,3
2017-08-12  7:12:58,2
2017-08-12  7:13:59,4
2017-08-12  7:14:59,2
2017-08-12  7:15:59,2
2017-08-12  7:16:59,3
2017-08-12  7:18:00,5
2017-08-12  7:19:00,4
2017-08-12  7:20:00,5
2017-08-12  7:21:00,5
2017-08-12  7:22:01,3
2017-08-12  7:23:01,3
2017-08-12  7:24:01,3
2017-08-12  7:25:02,4
2017-08-12  7:26:02,4
2017-08-12  7:27:02,4
2017-08-12  7:28:02,6
2017-08-12  7:29:03,5
2017-08-12  7:30:03,3
2017-08-12  7:31:03,4
2017-08-12  7:32:03,4
2017-08-12  7:33:04,2
2017-08-12  7:34:04,2
2017-08-12  7:35:04,3
2017-08-12  7:36:04,3
2017-08-12  7:37:05,3
2017-08-12  7:38:05,7
2017-08-12  7:39:05,5
2017-08-12  7:40:05,2
2017-08-12  7:41:06,2
2017-08-12  7:42:06,3
2017-08-12  7:43:06,4
2017-08-12  7:44:07,3
2017-08-12  7:45:07,4
2017-08-12  7:46:07,4
2017-08-12  7:47:07,4
2017-08-12  7:48:08,4
2017-08-12  7:49:08,5
2017-08-12  7:50:08,7
2017-08-12  7:51:09,10
2017-08-12  7:52:09,11
2017-08-12  7:53:09,7
2017-08-12  7:54:09,5
2017-08-12  7:55:10,5
2017-08-12  7:56:10,4
2017-08-12  7:57:10,5
2017-08-12  7:58:11,3
2017-08-12  7:59:11,3
2017-08-12  8:00:11,3
2017-08-12  8:01:11,3
2017-08-12  8:02:12,2
2017-08-12  8:03:12,3
2017-08-12  8:04:12,5
2017-08-12  8:05:12,4
2017-08-12  8:06:13,5
2017-08-12  8:07:13,4
2017-08-12  8:08:13,3
2017-08-12  8:09:14,3
2017-08-12  8:10:14,3
2017-08-12  8:11:14,3
2017-08-12  8:12:14,4
2017-08-12  8:13:15,3
2017-08-12  8:14:15,4
2017-08-12  8:15:15,4
2017-08-12  8:16:15,4
2017-08-12  8:17:16,3
2017-08-12  8:18:16,2
2017-08-12  8:19:16,2
2017-08-12  8:20:16,4
2017-08-12  8:21:17,2
2017-08-12  8:22:17,3
2017-08-12  8:23:17,3
2017-08-12  8:24:17,8
2017-08-12  8:25:18,6
2017-08-12  8:26:18,4
2017-08-12  8:27:18,3
2017-08-12  8:28:19,3
2017-08-12  8:29:19,5
2017-08-12  8:30:19,6
2017-08-12  8:31:19,4
2017-08-12  8:32:20,3
2017-08-12  8:33:20,4
2017-08-12  8:34:20,6
2017-08-12  8:35:21,7
2017-08-12  8:36:21,6
2017-08-12  8:37:21,8
2017-08-12  8:38:21,9
2017-08-12  8:39:22,7
2017-08-12  8:40:22,6
2017-08-12  8:41:22,8
2017-08-12  8:42:22,7
2017-08-12  8:43:23,6
2017-08-12  8:44:23,4
2017-08-12  8:45:23,5
2017-08-12  8:46:23,2
2017-08-12  8:47:24,3
2017-08-12  8:48:24,4
2017-08-12  8:49:24,3
2017-08-12  8:50:25,4
2017-08-12  8:51:25,3
2017-08-12  8:52:25,5
2017-08-12  8:53:25,3
2017-08-12  8:54:26,4
2017-08-12  8:55:26,4
2017-08-12  8:56:26,3
2017-08-12  8:57:26,3
2017-08-12  8:58:27,2
2017-08-12  8:59:27,2
2017-08-12  9:00:27,2
2017-08-12  9:01:28,3
2017-08-12  9:02:28,2
2017-08-12  9:03:28,2
2017-08-12  9:04:28,2
2017-08-12  9:05:29,2
2017-08-12  9:06:29,2
2017-08-12  9:07:29,2
2017-08-12  9:08:29,2
2017-08-12  9:09:30,2
2017-08-12  9:10:30,2
2017-08-12  9:11:30,2
2017-08-12  9:12:31,8
2017-08-12  9:13:31,6
2017-08-12  9:14:31,4
2017-08-12  9:15:31,4
2017-08-12  9:16:32,4
2017-08-12  9:17:32,4
2017-08-12  9:18:32,5
2017-08-12  9:19:32,4
2017-08-12  9:20:33,4
2017-08-12  9:21:33,5
2017-08-12  9:22:33,6
2017-08-12  9:23:34,9
2017-08-12  9:24:34,7
2017-08-12  9:25:34,8
2017-08-12  9:26:34,6
2017-08-12  9:27:35,6
2017-08-12  9:28:35,7
2017-08-12  9:29:35,6
2017-08-12  9:30:36,7
2017-08-12  9:31:36,8
2017-08-12  9:32:36,9
2017-08-12  9:33:36,4
2017-08-12  9:34:37,7
2017-08-12  9:35:37,3
2017-08-12  9:36:37,3
2017-08-12  9:37:37,3
2017-08-12  9:38:38,3
2017-08-12  9:39:38,2
2017-08-12  9:40:38,2
2017-08-12  9:41:38,2
2017-08-12  9:42:39,3
2017-08-12  9:43:39,2
2017-08-12  9:44:39,4
2017-08-12  9:45:39,6
2017-08-12  9:46:40,3
2017-08-12  9:47:40,3
2017-08-12  9:48:40,3
2017-08-12  9:49:40,2
2017-08-12  9:50:41,5
2017-08-12  9:51:41,2
2017-08-12  9:52:41,2
2017-08-12  9:53:42,2
2017-08-12  9:54:42,2
2017-08-12  9:55:42,2
2017-08-12  9:56:43,2
2017-08-12  9:57:43,2
2017-08-12  9:58:43,2
2017-08-12  9:59:43,3
2017-08-12  10:00:44,5
2017-08-12  10:01:44,5
2017-08-12  10:02:44,5
2017-08-12  10:03:44,6
2017-08-12  10:04:45,6
2017-08-12  10:05:45,7
2017-08-12  10:06:45,5
2017-08-12  10:07:45,7
2017-08-12  10:08:46,7
2017-08-12  10:09:46,8
2017-08-12  10:10:46,9
2017-08-12  10:11:46,10
2017-08-12  10:12:47,12
2017-08-12  10:13:47,10
2017-08-12  10:14:47,10
2017-08-12  10:15:47,9
2017-08-12  10:16:48,12
2017-08-12  10:17:48,9
2017-08-12  10:18:48,14
2017-08-12  10:19:49,13
2017-08-12  10:20:49,10
2017-08-12  10:21:49,3
2017-08-12  10:22:49,3
2017-08-12  10:23:50,5
2017-08-12  10:24:50,3
2017-08-12  10:25:50,3
2017-08-12  10:26:50,3
2017-08-12  10:27:51,5
2017-08-12  10:28:51,6
2017-08-12  10:29:51,7
2017-08-12  10:30:52,5
2017-08-12  10:31:52,5
2017-08-12  10:32:52,4
2017-08-12  10:33:52,3
2017-08-12  10:34:53,6
2017-08-12  10:35:53,8
2017-08-12  10:36:53,6
2017-08-12  10:37:54,4
2017-08-12  10:38:54,2
2017-08-12  10:39:54,2
2017-08-12  10:40:54,2
2017-08-12  10:41:55,2
2017-08-12  10:42:55,2
2017-08-12  10:43:55,2
2017-08-12  10:44:55,2
2017-08-12  10:45:56,3
2017-08-12  10:46:56,5
2017-08-12  10:47:56,5
2017-08-12  10:48:56,5
2017-08-12  10:49:57,5
2017-08-12  10:50:57,6
2017-08-12  10:51:57,5
2017-08-12  10:52:57,6
2017-08-12  10:53:58,7
2017-08-12  10:54:58,8
2017-08-12  10:55:58,9
2017-08-12  10:56:58,8
2017-08-12  10:57:59,13
2017-08-12  10:58:59,14
2017-08-12  10:59:59,14
2017-08-12  11:01:00,16
2017-08-12  11:02:00,11
2017-08-12  11:03:00,13
2017-08-12  11:04:00,14
2017-08-12  11:05:01,12
2017-08-12  11:06:01,12
2017-08-12  11:07:01,16
2017-08-12  11:08:02,10
2017-08-12  11:09:02,2
2017-08-12  11:10:02,2
2017-08-12  11:11:02,2
2017-08-12  11:12:03,1
2017-08-12  11:13:03,1
2017-08-12  11:14:03,1
2017-08-12  11:15:04,3
2017-08-12  11:16:04,5
2017-08-12  11:17:04,4
2017-08-12  11:18:04,4
2017-08-12  11:19:05,4
2017-08-12  11:20:05,3
2017-08-12  11:21:05,6
2017-08-12  11:22:06,6
2017-08-12  11:23:06,6
2017-08-12  11:24:06,3
2017-08-12  11:25:06,5
2017-08-12  11:26:07,4
2017-08-12  11:27:07,3
2017-08-12  11:28:07,2
2017-08-12  11:29:07,2
2017-08-12  11:30:08,2
2017-08-12  11:31:08,3
2017-08-12  11:32:08,4
2017-08-12  11:33:09,5
2017-08-12  11:34:09,7
2017-08-12  11:35:09,7
2017-08-12  11:36:09,6
2017-08-12  11:37:10,7
2017-08-12  11:38:10,7
2017-08-12  11:39:10,9
2017-08-12  11:40:10,6
2017-08-12  11:41:11,6
2017-08-12  11:42:11,6
2017-08-12  11:43:11,6
2017-08-12  11:44:11,8
2017-08-12  11:45:12,10
2017-08-12  11:46:12,11
2017-08-12  11:47:12,11
2017-08-12  11:48:13,13
2017-08-12  11:49:13,12
2017-08-12  11:50:13,7
2017-08-12  11:51:13,9
2017-08-12  11:52:14,12
2017-08-12  11:53:14,9
2017-08-12  11:54:14,13
2017-08-12  11:55:14,6
2017-08-12  11:56:15,8
2017-08-12  11:57:15,6
2017-08-12  11:58:15,6
2017-08-12  11:59:15,5
2017-08-12  12:00:16,4
2017-08-12  12:01:16,7
2017-08-12  12:02:16,6
2017-08-12  12:03:17,6
2017-08-12  12:04:17,9
2017-08-12  12:05:17,4
2017-08-12  12:06:17,5
2017-08-12  12:07:18,5
2017-08-12  12:08:18,5
2017-08-12  12:09:18,8
2017-08-12  12:10:18,7
2017-08-12  12:11:19,5
2017-08-12  12:12:19,5
2017-08-12  12:13:19,5
2017-08-12  12:14:20,5
2017-08-12  12:15:20,5
2017-08-12  12:16:20,5
2017-08-12  12:17:20,6
2017-08-12  12:18:21,8
2017-08-12  12:19:21,10
2017-08-12  12:20:21,9
2017-08-12  12:21:21,9
2017-08-12  12:22:22,9
2017-08-12  12:23:22,9
2017-08-12  12:24:22,10
2017-08-12  12:25:22,12
2017-08-12  12:26:23,8
2017-08-12  12:27:23,8
2017-08-12  12:28:23,11
2017-08-12  12:29:23,7
2017-08-12  12:30:24,10
2017-08-12  12:31:24,12
2017-08-12  12:32:24,11
2017-08-12  12:33:24,9
2017-08-12  12:34:25,6
2017-08-12  12:35:25,3
2017-08-12  12:36:25,6
2017-08-12  12:37:26,6
2017-08-12  12:38:26,7
2017-08-12  12:39:26,6
2017-08-12  12:40:26,7
2017-08-12  12:41:27,6
2017-08-12  12:42:27,6
2017-08-12  12:43:27,4
2017-08-12  12:44:28,3
2017-08-12  12:45:28,2
2017-08-12  12:46:28,2
2017-08-12  12:47:28,3
2017-08-12  12:48:29,3
2017-08-12  12:49:29,2
2017-08-12  12:50:29,2
2017-08-12  12:51:29,4
2017-08-12  12:52:30,5
2017-08-12  12:53:30,4
2017-08-12  12:54:30,5
2017-08-12  12:55:30,7
2017-08-12  12:56:31,6
2017-08-12  12:57:31,4
2017-08-12  12:58:31,4
2017-08-12  12:59:31,4
2017-08-12  13:00:32,5
2017-08-12  13:01:32,5
2017-08-12  13:02:32,6
2017-08-12  13:03:33,9
2017-08-12  13:04:33,7
2017-08-12  13:05:33,10
2017-08-12  13:06:33,8
2017-08-12  13:07:34,11
2017-08-12  13:08:34,12
2017-08-12  13:09:34,11
2017-08-12  13:10:35,12
2017-08-12  13:11:35,14
2017-08-12  13:12:35,11
2017-08-12  13:13:35,13
2017-08-12  13:14:36,9
2017-08-12  13:15:36,11
2017-08-12  13:16:36,13
2017-08-12  13:17:37,12
2017-08-12  13:18:37,13
2017-08-12  13:19:37,13
2017-08-12  13:20:37,9
2017-08-12  13:21:38,9
2017-08-12  13:22:38,10
2017-08-12  13:23:38,12
2017-08-12  13:24:39,10
2017-08-12  13:25:39,9
2017-08-12  13:26:39,11
2017-08-12  13:27:40,10
2017-08-12  13:28:40,11
2017-08-12  13:29:40,8
2017-08-12  13:30:40,5
2017-08-12  13:31:41,6
2017-08-12  13:32:41,7
2017-08-12  13:33:41,7
2017-08-12  13:34:41,5
2017-08-12  13:35:42,5
2017-08-12  13:36:42,6
2017-08-12  13:37:42,6
2017-08-12  13:38:42,9
2017-08-12  13:39:43,9
2017-08-12  13:40:43,6
2017-08-12  13:41:43,7
2017-08-12  13:42:43,7
2017-08-12  13:43:44,7
2017-08-12  13:44:44,8
2017-08-12  13:45:44,8
2017-08-12  13:46:44,9
2017-08-12  13:47:45,9
2017-08-12  13:48:45,7
2017-08-12  13:49:45,7
2017-08-12  13:50:46,7
2017-08-12  13:51:46,5
2017-08-12  13:52:46,6
2017-08-12  13:53:47,8
2017-08-12  13:54:47,11
2017-08-12  13:55:47,10
2017-08-12  13:56:47,7
2017-08-12  13:57:48,8
2017-08-12  13:58:48,9
2017-08-12  13:59:48,7
2017-08-12  14:00:48,6
2017-08-12  14:01:49,9
2017-08-12  14:02:49,10
2017-08-12  14:03:49,7
2017-08-12  14:04:49,5
2017-08-12  14:05:50,4
2017-08-12  14:06:50,4
2017-08-12  14:07:50,5
2017-08-12  14:08:51,6
2017-08-12  14:09:51,4
2017-08-12  14:10:51,6
2017-08-12  14:11:51,5
2017-08-12  14:12:52,5
2017-08-12  14:13:52,2
2017-08-12  14:14:52,4
2017-08-12  14:15:52,5
2017-08-12  14:16:53,4
2017-08-12  14:17:53,4
2017-08-12  14:18:53,4
2017-08-12  14:19:53,3
2017-08-12  14:20:54,3
2017-08-12  14:21:54,3
2017-08-12  14:22:54,2
2017-08-12  14:23:54,2
2017-08-12  14:24:55,3
2017-08-12  14:25:55,4
2017-08-12  14:26:55,3
2017-08-12  14:27:55,3
2017-08-12  14:28:56,5
2017-08-12  14:29:56,4
2017-08-12  14:30:56,4
2017-08-12  14:31:56,4
2017-08-12  14:32:57,6
2017-08-12  14:33:57,5
2017-08-12  14:34:57,5
2017-08-12  14:35:57,7
2017-08-12  14:36:58,6
2017-08-12  14:37:58,6
2017-08-12  14:38:58,4
2017-08-12  14:39:58,5
2017-08-12  14:40:59,10
2017-08-12  14:41:59,8
2017-08-12  14:42:59,6
2017-08-12  14:44:00,6
2017-08-12  14:45:00,6
2017-08-12  14:46:00,7
2017-08-12  14:47:00,5
2017-08-12  14:48:01,8
2017-08-12  14:49:01,6
2017-08-12  14:50:01,8
2017-08-12  14:51:01,9
2017-08-12  14:52:02,3
2017-08-12  14:53:02,3
2017-08-12  14:54:02,2
2017-08-12  14:55:02,2
2017-08-12  14:56:03,2
2017-08-12  14:57:03,2
2017-08-12  14:58:03,3
2017-08-12  14:59:03,2
2017-08-12  15:00:04,4
2017-08-12  15:01:04,4
2017-08-12  15:02:04,6
2017-08-12  15:03:04,4
2017-08-12  15:04:05,5
2017-08-12  15:05:05,5
2017-08-12  15:06:05,3
2017-08-12  15:07:06,3
2017-08-12  15:08:06,4
2017-08-12  15:09:06,3
2017-08-12  15:10:06,4
2017-08-12  15:11:07,2
2017-08-12  15:12:07,3
2017-08-12  15:13:07,3
2017-08-12  15:14:08,3
2017-08-12  15:15:08,4
2017-08-12  15:16:08,5
2017-08-12  15:17:08,4
2017-08-12  15:18:09,6
2017-08-12  15:19:09,7
2017-08-12  15:20:09,6
2017-08-12  15:21:09,5
2017-08-12  15:22:10,5
2017-08-12  15:23:10,9
2017-08-12  15:24:10,5
2017-08-12  15:25:11,4
2017-08-12  15:26:11,5
2017-08-12  15:27:11,6
2017-08-12  15:28:11,10
2017-08-12  15:29:12,7
2017-08-12  15:30:12,5
2017-08-12  15:31:12,6
2017-08-12  15:32:12,5
2017-08-12  15:33:13,3
2017-08-12  15:34:13,4
2017-08-12  15:35:13,8
2017-08-12  15:36:13,5
2017-08-12  15:37:14,4
2017-08-12  15:38:14,1
2017-08-12  15:39:14,1
2017-08-12  15:40:15,1
2017-08-12  15:41:15,1
2017-08-12  15:42:15,8
2017-08-12  15:43:15,6
2017-08-12  15:44:16,3
2017-08-12  15:45:16,5
2017-08-12  15:46:16,4
2017-08-12  15:47:16,6
2017-08-12  15:48:17,7
2017-08-12  15:49:17,6
2017-08-12  15:50:17,5
2017-08-12  15:51:17,5
2017-08-12  15:52:18,4
2017-08-12  15:53:18,4
2017-08-12  15:54:18,4
2017-08-12  15:55:19,5
2017-08-12  15:56:19,5
2017-08-12  15:57:19,5
2017-08-12  15:58:19,3
2017-08-12  15:59:20,5
2017-08-12  16:00:20,3
2017-08-12  16:01:20,3
2017-08-12  16:02:20,2
2017-08-12  16:03:21,2
2017-08-12  16:04:21,3
2017-08-12  16:05:21,2
2017-08-12  16:06:21,1
2017-08-12  16:07:22,3
2017-08-12  16:08:22,4
2017-08-12  16:09:22,4
2017-08-12  16:10:23,4
2017-08-12  16:11:23,5
2017-08-12  16:12:23,8
2017-08-12  16:13:24,9
2017-08-12  16:14:24,10
2017-08-12  16:15:24,7
2017-08-12  16:16:24,7
2017-08-12  16:17:25,7
2017-08-12  16:18:25,8
2017-08-12  16:19:25,10
2017-08-12  16:20:25,10
2017-08-12  16:21:26,11
2017-08-12  16:22:26,9
2017-08-12  16:23:26,8
2017-08-12  16:24:27,7
2017-08-12  16:25:27,6
2017-08-12  16:26:27,7
2017-08-12  16:27:27,7
2017-08-12  16:28:28,7
2017-08-12  16:29:28,9
2017-08-12  16:30:28,8
2017-08-12  16:31:28,8
2017-08-12  16:32:29,10
2017-08-12  16:33:29,9
2017-08-12  16:34:29,8
2017-08-12  16:35:29,7
2017-08-12  16:36:30,8
2017-08-12  16:37:30,10
2017-08-12  16:38:30,11
2017-08-12  16:39:30,6
2017-08-12  16:40:31,8
2017-08-12  16:41:31,5
2017-08-12  16:42:31,4
2017-08-12  16:43:32,5
2017-08-12  16:44:32,4
2017-08-12  16:45:32,6
2017-08-12  16:46:32,4
2017-08-12  16:47:33,4
2017-08-12  16:48:33,6
2017-08-12  16:49:33,5
2017-08-12  16:50:34,5
2017-08-12  16:51:34,6
2017-08-12  16:52:34,7
2017-08-12  16:53:34,5
2017-08-12  16:54:35,5
2017-08-12  16:55:35,4
2017-08-12  16:56:35,4
2017-08-12  16:57:35,5
2017-08-12  16:58:36,7
2017-08-12  16:59:36,4
2017-08-12  17:00:36,4
2017-08-12  17:01:36,7
2017-08-12  17:02:37,6
2017-08-12  17:03:37,4
2017-08-12  17:04:37,6
2017-08-12  17:05:38,8
2017-08-12  17:06:38,9
2017-08-12  17:07:38,8
2017-08-12  17:08:38,8
2017-08-12  17:09:39,6
2017-08-12  17:10:39,6
2017-08-12  17:11:39,7
2017-08-12  17:12:40,7
2017-08-12  17:13:40,6
2017-08-12  17:14:40,6
2017-08-12  17:15:41,5
2017-08-12  17:16:41,7
2017-08-12  17:17:41,12
2017-08-12  17:18:41,14
2017-08-12  17:19:42,15
2017-08-12  17:20:42,11
2017-08-12  17:21:42,9
2017-08-12  17:22:42,11
2017-08-12  17:23:43,10
2017-08-12  17:24:43,13
2017-08-12  17:25:43,15
2017-08-12  17:26:43,10
2017-08-12  17:27:44,9
2017-08-12  17:28:44,8
2017-08-12  17:29:44,9
2017-08-12  17:30:45,10
2017-08-12  17:31:45,8
2017-08-12  17:32:45,7
2017-08-12  17:33:45,7
2017-08-12  17:34:46,7
2017-08-12  17:35:46,8
2017-08-12  17:36:46,8
2017-08-12  17:37:46,8
2017-08-12  17:38:47,8
2017-08-12  17:39:47,9
2017-08-12  17:40:47,11
2017-08-12  17:41:47,9
2017-08-12  17:42:48,10
2017-08-12  17:43:48,10
2017-08-12  17:44:48,10
2017-08-12  17:45:49,8
2017-08-12  17:46:49,7
2017-08-12  17:47:49,6
2017-08-12  17:48:49,6
2017-08-12  17:49:50,7
2017-08-12  17:50:50,7
2017-08-12  17:51:50,7
2017-08-12  17:52:50,6
2017-08-12  17:53:51,5
2017-08-12  17:54:51,6
2017-08-12  17:55:51,6
2017-08-12  17:56:51,7
2017-08-12  17:57:52,6
2017-08-12  17:58:52,9
2017-08-12  17:59:52,10
2017-08-12  18:00:52,10
2017-08-12  18:01:53,9
2017-08-12  18:02:53,10
2017-08-12  18:03:53,14
2017-08-12  18:04:53,13
2017-08-12  18:05:54,10
2017-08-12  18:06:54,9
2017-08-12  18:07:54,10
2017-08-12  18:08:54,8
2017-08-12  18:09:55,10
2017-08-12  18:10:55,9
2017-08-12  18:11:55,11
2017-08-12  18:12:55,13
2017-08-12  18:13:56,7
2017-08-12  18:14:56,9
2017-08-12  18:15:56,8
2017-08-12  18:16:57,6
2017-08-12  18:17:57,7
2017-08-12  18:18:57,6
2017-08-12  18:19:57,5
2017-08-12  18:20:58,5
2017-08-12  18:21:58,7
2017-08-12  18:22:58,7
2017-08-12  18:23:58,7
2017-08-12  18:24:59,6
2017-08-12  18:25:59,6
2017-08-12  18:26:59,10
2017-08-12  18:27:59,8
2017-08-12  18:29:00,9
2017-08-12  18:30:00,7
2017-08-12  18:31:00,9
2017-08-12  18:32:00,9
2017-08-12  18:33:01,6
2017-08-12  18:34:01,5
2017-08-12  18:35:01,6
2017-08-12  18:36:02,6
2017-08-12  18:37:02,8
2017-08-12  18:38:02,8
2017-08-12  18:39:02,7
2017-08-12  18:40:03,9
2017-08-12  18:41:03,9
2017-08-12  18:42:03,9
2017-08-12  18:43:03,12
2017-08-12  18:44:04,11
2017-08-12  18:45:04,10
2017-08-12  18:46:04,10
2017-08-12  18:47:05,10
2017-08-12  18:48:05,10
2017-08-12  18:49:05,7
2017-08-12  18:50:05,12
2017-08-12  18:51:06,14
2017-08-12  18:52:06,12
2017-08-12  18:53:06,12
2017-08-12  18:54:06,13
2017-08-12  18:55:07,12
2017-08-12  18:56:07,14
2017-08-12  18:57:07,13
2017-08-12  18:58:07,13
2017-08-12  18:59:08,19
2017-08-12  19:00:08,15
2017-08-12  19:01:08,14
2017-08-12  19:02:08,14
2017-08-12  19:03:09,12
2017-08-12  19:04:09,9
2017-08-12  19:05:09,8
2017-08-12  19:06:10,9
2017-08-12  19:07:10,8
2017-08-12  19:08:10,6
2017-08-12  19:09:10,6
2017-08-12  19:10:11,7
2017-08-12  19:11:11,7
2017-08-12  19:12:11,6
2017-08-12  19:13:11,8
2017-08-12  19:14:12,11
2017-08-12  19:15:12,12
2017-08-12  19:16:12,10
2017-08-12  19:17:13,9
2017-08-12  19:18:13,9
2017-08-12  19:19:13,9
2017-08-12  19:20:13,9
2017-08-12  19:21:14,9
2017-08-12  19:22:14,10
2017-08-12  19:23:14,9
2017-08-12  19:24:14,12
2017-08-12  19:25:15,11
2017-08-12  19:26:15,12
2017-08-12  19:27:15,12
2017-08-12  19:28:16,12
2017-08-12  19:29:16,12
2017-08-12  19:30:16,15
2017-08-12  19:31:16,11
2017-08-12  19:32:17,13
2017-08-12  19:33:17,16
2017-08-12  19:34:17,14
2017-08-12  19:35:17,13
2017-08-12  19:36:18,13
2017-08-12  19:37:18,16
2017-08-12  19:38:18,14
2017-08-12  19:39:18,10
2017-08-12  19:40:19,14
2017-08-12  19:41:19,11
2017-08-12  19:42:19,13
2017-08-12  19:43:20,14
2017-08-12  19:44:20,14
2017-08-12  19:45:20,13
2017-08-12  19:46:20,12
2017-08-12  19:47:21,12
2017-08-12  19:48:21,13
2017-08-12  19:49:21,10
2017-08-12  19:50:21,9
2017-08-12  19:51:22,9
2017-08-12  19:52:22,9
2017-08-12  19:53:22,7
2017-08-12  19:54:22,7
2017-08-12  19:55:23,7
2017-08-12  19:56:23,6
2017-08-12  19:57:23,9
2017-08-12  19:58:23,11
2017-08-12  19:59:24,12
2017-08-12  20:00:24,11
2017-08-12  20:01:24,12
2017-08-12  20:02:25,13
2017-08-12  20:03:25,14
2017-08-12  20:04:25,11
2017-08-12  20:05:25,11
2017-08-12  20:06:26,11
2017-08-12  20:07:26,12
2017-08-12  20:08:26,13
2017-08-12  20:09:26,16
2017-08-12  20:10:27,14
2017-08-12  20:11:27,10
2017-08-12  20:12:27,11
2017-08-12  20:13:27,11
2017-08-12  20:14:28,10
2017-08-12  20:15:28,10
2017-08-12  20:16:28,12
2017-08-12  20:17:28,12
2017-08-12  20:18:29,9
2017-08-12  20:19:29,12
2017-08-12  20:20:29,13
2017-08-12  20:21:29,15
2017-08-12  20:22:30,10
2017-08-12  20:23:30,8
2017-08-12  20:24:30,12
2017-08-12  20:25:30,9
2017-08-12  20:26:31,12
2017-08-12  20:27:31,10
2017-08-12  20:28:31,13
2017-08-12  20:29:32,17
2017-08-12  20:30:32,15
2017-08-12  20:31:32,10
2017-08-12  20:32:32,10
2017-08-12  20:33:33,8
2017-08-12  20:34:33,8
2017-08-12  20:35:33,8
2017-08-12  20:36:34,8
2017-08-12  20:37:34,8
2017-08-12  20:38:34,8
2017-08-12  20:39:34,9
2017-08-12  20:40:35,9
2017-08-12  20:41:35,9
2017-08-12  20:42:35,9
2017-08-12  20:43:35,13
2017-08-12  20:44:36,11
2017-08-12  20:45:36,14
2017-08-12  20:46:36,15
2017-08-12  20:47:37,9
2017-08-12  20:48:37,12
2017-08-12  20:49:37,8
2017-08-12  20:50:37,8
2017-08-12  20:51:38,9
2017-08-12  20:52:38,10
2017-08-12  20:53:38,11
2017-08-12  20:54:38,10
2017-08-12  20:55:39,10
2017-08-12  20:56:39,9
2017-08-12  20:57:39,9
2017-08-12  20:58:39,12
2017-08-12  20:59:40,11
2017-08-12  21:00:40,10
2017-08-12  21:01:40,9
2017-08-12  21:02:40,10
2017-08-12  21:03:41,14
2017-08-12  21:04:41,12
2017-08-12  21:05:41,10
2017-08-12  21:06:41,16
2017-08-12  21:07:42,13
2017-08-12  21:08:42,14
2017-08-12  21:09:42,9
2017-08-12  21:10:42,10
2017-08-12  21:11:43,9
2017-08-12  21:12:43,11
2017-08-12  21:13:43,18
2017-08-12  21:14:44,11
2017-08-12  21:15:44,9
2017-08-12  21:16:44,12
2017-08-12  21:17:44,7
2017-08-12  21:18:45,7
2017-08-12  21:19:45,6
2017-08-12  21:20:45,5
2017-08-12  21:21:45,5
2017-08-12  21:22:46,4
2017-08-12  21:23:46,4
2017-08-12  21:24:46,4
2017-08-12  21:25:47,6
2017-08-12  21:26:47,7
2017-08-12  21:27:47,8
2017-08-12  21:28:47,7
2017-08-12  21:29:48,6
2017-08-12  21:30:48,6
2017-08-12  21:31:48,6
2017-08-12  21:32:48,6
2017-08-12  21:33:49,5
2017-08-12  21:34:49,5
2017-08-12  21:35:49,5
2017-08-12  21:36:50,5
2017-08-12  21:37:50,5
2017-08-12  21:38:50,6
2017-08-12  21:39:50,7
2017-08-12  21:40:51,5
2017-08-12  21:41:51,6
2017-08-12  21:42:51,7
2017-08-12  21:43:51,7
2017-08-12  21:44:52,5
2017-08-12  21:45:52,8
2017-08-12  21:46:52,7
2017-08-12  21:47:52,9
2017-08-12  21:48:53,7
2017-08-12  21:49:53,8
2017-08-12  21:50:53,8
2017-08-12  21:51:53,10
2017-08-12  21:52:54,11
2017-08-12  21:53:54,9
2017-08-12  21:54:54,9
2017-08-12  21:55:54,9
2017-08-12  21:56:55,9
2017-08-12  21:57:55,10
2017-08-12  21:58:55,8
2017-08-12  21:59:55,11
2017-08-12  22:00:56,11
2017-08-12  22:01:56,9
2017-08-12  22:02:56,10
2017-08-12  22:03:57,10
2017-08-12  22:04:57,6
2017-08-12  22:05:57,7
2017-08-12  22:06:57,6
2017-08-12  22:07:58,5
2017-08-12  22:08:58,5
2017-08-12  22:09:58,5
2017-08-12  22:10:58,5
2017-08-12  22:11:59,6
2017-08-12  22:12:59,5
2017-08-12  22:13:59,7
2017-08-12  22:14:59,8
2017-08-12  22:16:00,7
2017-08-12  22:17:00,8
2017-08-12  22:18:01,7
2017-08-12  22:19:01,7
2017-08-12  22:20:01,7
2017-08-12  22:21:01,7
2017-08-12  22:22:02,6
2017-08-12  22:23:02,6
2017-08-12  22:24:02,7
2017-08-12  22:25:02,7
2017-08-12  22:26:03,8
2017-08-12  22:27:03,7
2017-08-12  22:28:03,6
2017-08-12  22:29:03,6
2017-08-12  22:30:04,9
2017-08-12  22:31:04,11
2017-08-12  22:32:04,13
2017-08-12  22:33:05,9
2017-08-12  22:34:05,9
2017-08-12  22:35:05,9
2017-08-12  22:36:05,10
2017-08-12  22:37:06,9
2017-08-12  22:38:06,10
2017-08-12  22:39:06,12
2017-08-12  22:40:06,9
2017-08-12  22:41:07,9
2017-08-12  22:42:07,10
2017-08-12  22:43:07,8
2017-08-12  22:44:08,10
2017-08-12  22:45:08,10
2017-08-12  22:46:08,11
2017-08-12  22:47:08,11
2017-08-12  22:48:09,9
2017-08-12  22:49:09,8
2017-08-12  22:50:09,9
2017-08-12  22:51:09,7
2017-08-12  22:52:10,7
2017-08-12  22:53:10,7
2017-08-12  22:54:10,5
2017-08-12  22:55:11,5
2017-08-12  22:56:11,4
2017-08-12  22:57:11,4
2017-08-12  22:58:11,5
2017-08-12  22:59:12,5
2017-08-12  23:00:12,5
2017-08-12  23:01:12,7
2017-08-12  23:02:12,12
2017-08-12  23:03:13,10
2017-08-12  23:04:13,11
2017-08-12  23:05:13,9
2017-08-12  23:06:13,8
2017-08-12  23:07:14,8
2017-08-12  23:08:14,8
2017-08-12  23:09:14,8
2017-08-12  23:10:15,9
2017-08-12  23:11:15,8
2017-08-12  23:12:15,9
2017-08-12  23:13:16,10
2017-08-12  23:14:16,11
2017-08-12  23:15:16,13
2017-08-12  23:16:16,12
2017-08-12  23:17:17,11
2017-08-12  23:18:17,10
2017-08-12  23:19:17,11
2017-08-12  23:20:17,13
2017-08-12  23:21:18,13
2017-08-12  23:22:18,13
2017-08-12  23:23:18,14
2017-08-12  23:24:19,11
2017-08-12  23:25:19,14
2017-08-12  23:26:19,13
2017-08-12  23:27:19,11
2017-08-12  23:28:20,12
2017-08-12  23:29:20,16
2017-08-12  23:30:20,15
2017-08-12  23:31:20,11
2017-08-12  23:32:21,11
2017-08-12  23:33:21,21
2017-08-12  23:34:21,15
2017-08-12  23:35:21,15
2017-08-12  23:36:22,14
2017-08-12  23:37:22,14
2017-08-12  23:38:22,9
2017-08-12  23:39:23,11
2017-08-12  23:40:23,9
2017-08-12  23:41:23,9
2017-08-12  23:42:24,8
2017-08-12  23:43:24,8
2017-08-12  23:44:24,8
2017-08-12  23:45:24,9
2017-08-12  23:46:25,14
2017-08-12  23:47:25,11
2017-08-12  23:48:25,11
2017-08-12  23:49:25,12
2017-08-12  23:50:26,12
2017-08-12  23:51:26,9
2017-08-12  23:52:26,9
2017-08-12  23:53:26,9
2017-08-12  23:54:27,9
2017-08-12  23:55:27,9
2017-08-12  23:56:27,11
2017-08-12  23:57:28,12
2017-08-12  23:58:28,12
2017-08-12  23:59:28,11
2017-08-13  0:00:28,10
2017-08-13  0:01:29,14
2017-08-13  0:02:29,11
2017-08-13  0:03:29,10
2017-08-13  0:04:29,10
2017-08-13  0:05:30,12
2017-08-13  0:06:30,15
2017-08-13  0:07:30,13
2017-08-13  0:08:30,12
2017-08-13  0:09:31,11
2017-08-13  0:10:31,14
2017-08-13  0:11:31,16
2017-08-13  0:12:31,12
2017-08-13  0:13:32,12
2017-08-13  0:14:32,12
2017-08-13  0:15:32,13
2017-08-13  0:16:33,14
2017-08-13  0:17:33,15
2017-08-13  0:18:33,14
2017-08-13  0:19:33,17
2017-08-13  0:20:34,14
2017-08-13  0:21:34,7
2017-08-13  0:22:34,9
2017-08-13  0:23:35,6
2017-08-13  0:24:35,5
2017-08-13  0:25:35,6
2017-08-13  0:26:36,5
2017-08-13  0:27:36,6
2017-08-13  0:28:36,6
2017-08-13  0:29:36,6
2017-08-13  0:30:37,6
2017-08-13  0:31:37,6
2017-08-13  0:32:37,7
2017-08-13  0:33:37,6
2017-08-13  0:34:38,8
2017-08-13  0:35:38,11
2017-08-13  0:36:38,9
2017-08-13  0:37:38,7
2017-08-13  0:38:39,8
2017-08-13  0:39:39,6
2017-08-13  0:40:39,6
2017-08-13  0:41:40,6
2017-08-13  0:42:40,7
2017-08-13  0:43:40,8
2017-08-13  0:44:40,10
2017-08-13  0:45:41,10
2017-08-13  0:46:41,12
2017-08-13  0:47:41,11
2017-08-13  0:48:41,11
2017-08-13  0:49:42,11
2017-08-13  0:50:42,10
2017-08-13  0:51:42,9
2017-08-13  0:52:43,13
2017-08-13  0:53:43,11
2017-08-13  0:54:43,10
2017-08-13  0:55:44,8
2017-08-13  0:56:44,11
2017-08-13  0:57:44,14
2017-08-13  0:58:44,15
2017-08-13  0:59:45,14
2017-08-13  1:00:45,12
2017-08-13  1:01:45,12
2017-08-13  1:02:45,13
2017-08-13  1:03:46,14
2017-08-13  1:04:46,13
2017-08-13  1:05:46,20
2017-08-13  1:06:46,19
2017-08-13  1:07:47,14
2017-08-13  1:08:47,12
2017-08-13  1:09:47,11
2017-08-13  1:10:47,9
2017-08-13  1:11:48,8
2017-08-13  1:12:48,7
2017-08-13  1:13:48,7
2017-08-13  1:14:49,6
2017-08-13  1:15:49,7
2017-08-13  1:16:49,8
2017-08-13  1:17:50,8
2017-08-13  1:18:50,11
2017-08-13  1:19:50,9
2017-08-13  1:20:50,12
2017-08-13  1:21:51,11
2017-08-13  1:22:51,12
2017-08-13  1:23:51,11
2017-08-13  1:24:52,9
2017-08-13  1:25:52,9
2017-08-13  1:26:52,9
2017-08-13  1:27:52,9
2017-08-13  1:28:53,10
2017-08-13  1:29:53,10
2017-08-13  1:30:53,11
2017-08-13  1:31:54,14
2017-08-13  1:32:54,13
2017-08-13  1:33:54,14
2017-08-13  1:34:54,14
2017-08-13  1:35:55,11
2017-08-13  1:36:55,13
2017-08-13  1:37:55,11
2017-08-13  1:38:55,15
2017-08-13  1:39:56,16
2017-08-13  1:40:56,16
2017-08-13  1:41:56,14
2017-08-13  1:42:57,11
2017-08-13  1:43:57,14
2017-08-13  1:44:57,17
2017-08-13  1:45:57,12
2017-08-13  1:46:58,10
2017-08-13  1:47:58,11
2017-08-13  1:48:58,14
2017-08-13  1:49:59,14
2017-08-13  1:50:59,13
2017-08-13  1:51:59,16
2017-08-13  1:52:59,20
2017-08-13  1:54:00,20
2017-08-13  1:55:00,13
2017-08-13  1:56:00,15
2017-08-13  1:57:00,14
2017-08-13  1:58:01,9
2017-08-13  1:59:01,13
2017-08-13  2:00:01,11
2017-08-13  2:01:02,9
2017-08-13  2:02:02,8
2017-08-13  2:03:02,9
2017-08-13  2:04:02,10
2017-08-13  2:05:03,12
2017-08-13  2:06:03,9
2017-08-13  2:07:03,11
2017-08-13  2:08:04,11
2017-08-13  2:09:04,13
2017-08-13  2:10:04,13
2017-08-13  2:11:04,10
2017-08-13  2:12:05,10
2017-08-13  2:13:05,10
2017-08-13  2:14:05,10
2017-08-13  2:15:05,10
2017-08-13  2:16:06,10
2017-08-13  2:17:06,10
2017-08-13  2:18:06,13
2017-08-13  2:19:06,11
2017-08-13  2:20:07,11
2017-08-13  2:21:07,11
2017-08-13  2:22:07,12
2017-08-13  2:23:07,12
2017-08-13  2:24:08,12
2017-08-13  2:25:08,13
2017-08-13  2:26:08,15
2017-08-13  2:27:08,12
2017-08-13  2:28:09,14
2017-08-13  2:29:09,14
2017-08-13  2:30:09,16
2017-08-13  2:31:10,17
2017-08-13  2:32:10,14
2017-08-13  2:33:10,9
2017-08-13  2:34:10,11
2017-08-13  2:35:11,12
2017-08-13  2:36:11,12
2017-08-13  2:37:11,11
2017-08-13  2:38:11,11
2017-08-13  2:39:12,12
2017-08-13  2:40:12,11
2017-08-13  2:41:12,12
2017-08-13  2:42:13,11
2017-08-13  2:43:13,7
2017-08-13  2:44:13,6
2017-08-13  2:45:14,5
2017-08-13  2:46:14,5
2017-08-13  2:47:14,4
2017-08-13  2:48:14,4
2017-08-13  2:49:15,4
2017-08-13  2:50:15,8
2017-08-13  2:51:15,5
2017-08-13  2:52:15,5
2017-08-13  2:53:16,5
2017-08-13  2:54:16,7
2017-08-13  2:55:16,8
2017-08-13  2:56:17,10
2017-08-13  2:57:17,7
2017-08-13  2:58:17,6
2017-08-13  2:59:17,5
2017-08-13  3:00:18,5
2017-08-13  3:01:18,5
2017-08-13  3:02:18,5
2017-08-13  3:03:18,6
2017-08-13  3:04:19,6
2017-08-13  3:05:19,5
2017-08-13  3:06:19,5
2017-08-13  3:07:19,10
2017-08-13  3:08:20,6
2017-08-13  3:09:20,5
2017-08-13  3:10:20,5
2017-08-13  3:11:21,7
2017-08-13  3:12:21,6
2017-08-13  3:13:21,8
2017-08-13  3:14:21,5
2017-08-13  3:15:22,7
2017-08-13  3:16:22,10
2017-08-13  3:17:22,9
2017-08-13  3:18:22,9
2017-08-13  3:19:23,8
2017-08-13  3:20:23,9
2017-08-13  3:21:23,10
2017-08-13  3:22:24,9
2017-08-13  3:23:24,9
2017-08-13  3:24:24,13
2017-08-13  3:25:24,10
2017-08-13  3:26:25,7
2017-08-13  3:27:25,8
2017-08-13  3:28:25,8
2017-08-13  3:29:25,9
2017-08-13  3:30:26,6
2017-08-13  3:31:26,5
2017-08-13  3:32:26,5
2017-08-13  3:33:26,4
2017-08-13  3:34:27,4
2017-08-13  3:35:27,4
2017-08-13  3:36:27,4
2017-08-13  3:37:27,3
2017-08-13  3:38:28,4
2017-08-13  3:39:28,3
2017-08-13  3:40:28,7
2017-08-13  3:41:29,7
2017-08-13  3:42:29,4
2017-08-13  3:43:29,4
2017-08-13  3:44:29,4
2017-08-13  3:45:30,5
2017-08-13  3:46:30,4
2017-08-13  3:47:30,4
2017-08-13  3:48:31,5
2017-08-13  3:49:31,6
2017-08-13  3:50:31,5
2017-08-13  3:51:31,6
2017-08-13  3:52:32,7
2017-08-13  3:53:32,9
2017-08-13  3:54:32,6
2017-08-13  3:55:32,9
2017-08-13  3:56:33,6
2017-08-13  3:57:33,6
2017-08-13  3:58:33,7
2017-08-13  3:59:33,6
2017-08-13  4:00:34,5
2017-08-13  4:01:34,8
2017-08-13  4:02:34,10
2017-08-13  4:03:34,12
2017-08-13  4:04:35,8
2017-08-13  4:05:35,8
2017-08-13  4:06:35,7
2017-08-13  4:07:36,12
2017-08-13  4:08:36,10
2017-08-13  4:09:36,10
2017-08-13  4:10:36,12
2017-08-13  4:11:37,18
2017-08-13  4:12:37,13
2017-08-13  4:13:37,13
2017-08-13  4:14:37,11
2017-08-13  4:15:38,7
2017-08-13  4:16:38,6
2017-08-13  4:17:38,6
2017-08-13  4:18:38,6
2017-08-13  4:19:39,7
2017-08-13  4:20:39,7
2017-08-13  4:21:39,7
2017-08-13  4:22:39,7
2017-08-13  4:23:40,7
2017-08-13  4:24:40,7
2017-08-13  4:25:40,7
2017-08-13  4:26:41,9
2017-08-13  4:27:41,12
2017-08-13  4:28:41,9
2017-08-13  4:29:41,7
2017-08-13  4:30:42,7
2017-08-13  4:31:42,6
2017-08-13  4:32:42,6
2017-08-13  4:33:43,6
2017-08-13  4:34:43,7
2017-08-13  4:35:43,8
2017-08-13  4:36:44,9
2017-08-13  4:37:44,8
2017-08-13  4:38:44,8
2017-08-13  4:39:44,7
2017-08-13  4:40:45,9
2017-08-13  4:41:45,9
2017-08-13  4:42:45,8
2017-08-13  4:43:45,11
2017-08-13  4:44:46,9
2017-08-13  4:45:46,9
2017-08-13  4:46:46,8
2017-08-13  4:47:46,8
2017-08-13  4:48:47,12
2017-08-13  4:49:47,13
2017-08-13  4:50:47,14
2017-08-13  4:51:48,9
2017-08-13  4:52:48,9
2017-08-13  4:53:48,10
2017-08-13  4:54:48,12
2017-08-13  4:55:49,11
2017-08-13  4:56:49,14
2017-08-13  4:57:49,18
2017-08-13  4:58:50,14
2017-08-13  4:59:50,12
2017-08-13  5:00:50,9
2017-08-13  5:01:50,6
2017-08-13  5:02:51,5
2017-08-13  5:03:51,5
2017-08-13  5:04:51,5
2017-08-13  5:05:51,5
2017-08-13  5:06:52,4
2017-08-13  5:07:52,5
2017-08-13  5:08:52,6
2017-08-13  5:09:52,6
2017-08-13  5:10:53,6
2017-08-13  5:11:53,8
2017-08-13  5:12:53,9
2017-08-13  5:13:53,9
2017-08-13  5:14:54,11
2017-08-13  5:15:54,8
2017-08-13  5:16:54,8
2017-08-13  5:17:55,8
2017-08-13  5:18:55,8
2017-08-13  5:19:55,8
2017-08-13  5:20:55,8
2017-08-13  5:21:56,8
2017-08-13  5:22:56,10
2017-08-13  5:23:56,11
2017-08-13  5:24:56,11
2017-08-13  5:25:57,11
2017-08-13  5:26:57,12
2017-08-13  5:27:57,11
2017-08-13  5:28:58,13
2017-08-13  5:29:58,15
2017-08-13  5:30:58,11
2017-08-13  5:31:58,13
2017-08-13  5:32:59,11
2017-08-13  5:33:59,14
2017-08-13  5:34:59,12
2017-08-13  5:36:00,13
2017-08-13  5:37:00,14
2017-08-13  5:38:00,11
2017-08-13  5:39:00,10
2017-08-13  5:40:01,12
2017-08-13  5:41:01,15
2017-08-13  5:42:01,13
2017-08-13  5:43:01,10
2017-08-13  5:44:02,15
2017-08-13  5:45:02,17
2017-08-13  5:46:02,17
2017-08-13  5:47:02,16
2017-08-13  5:48:03,14
2017-08-13  5:49:03,11
2017-08-13  5:50:03,11
2017-08-13  5:51:03,13
2017-08-13  5:52:04,9
2017-08-13  5:53:04,9
2017-08-13  5:54:04,8
2017-08-13  5:55:04,9
2017-08-13  5:56:05,10
2017-08-13  5:57:05,8
2017-08-13  5:58:05,10
2017-08-13  5:59:06,9
2017-08-13  6:00:06,9
2017-08-13  6:01:06,11
2017-08-13  6:02:07,9
2017-08-13  6:03:07,9
2017-08-13  6:04:07,8
2017-08-13  6:05:07,8
2017-08-13  6:06:08,8
2017-08-13  6:07:08,9
2017-08-13  6:08:08,10
2017-08-13  6:09:08,10
2017-08-13  6:10:09,10
2017-08-13  6:11:09,6
2017-08-13  6:12:09,6
2017-08-13  6:13:10,7
2017-08-13  6:14:10,11
2017-08-13  6:15:10,9
2017-08-13  6:16:10,8
2017-08-13  6:17:11,10
2017-08-13  6:18:11,11
2017-08-13  6:19:11,11
2017-08-13  6:20:11,10
2017-08-13  6:21:12,13
2017-08-13  6:22:12,10
2017-08-13  6:23:12,12
2017-08-13  6:24:12,8
2017-08-13  6:25:13,8
2017-08-13  6:26:13,13
2017-08-13  6:27:13,9
2017-08-13  6:28:13,8
2017-08-13  6:29:14,10
2017-08-13  6:30:14,6
2017-08-13  6:31:14,7
2017-08-13  6:32:14,8
2017-08-13  6:33:15,11
2017-08-13  6:34:15,8
2017-08-13  6:35:15,6
2017-08-13  6:36:16,6
2017-08-13  6:37:16,5
2017-08-13  6:38:16,5
2017-08-13  6:39:16,4
2017-08-13  6:40:17,4
2017-08-13  6:41:17,4
2017-08-13  6:42:17,4
2017-08-13  6:43:18,3
2017-08-13  6:44:18,3
2017-08-13  6:45:18,3
2017-08-13  6:46:18,6
2017-08-13  6:47:19,6
2017-08-13  6:48:19,8
2017-08-13  6:49:19,7
2017-08-13  6:50:19,6
2017-08-13  6:51:20,6
2017-08-13  6:52:20,5
2017-08-13  6:53:20,6
2017-08-13  6:54:21,6
2017-08-13  6:55:21,6
2017-08-13  6:56:21,7
2017-08-13  6:57:21,9
2017-08-13  6:58:22,10
2017-08-13  6:59:22,7
2017-08-13  7:00:22,8
2017-08-13  7:01:22,7
2017-08-13  7:02:23,5
2017-08-13  7:03:23,6
2017-08-13  7:04:23,7
2017-08-13  7:05:23,6
2017-08-13  7:06:24,8
2017-08-13  7:07:24,7
2017-08-13  7:08:24,11
2017-08-13  7:09:24,9
2017-08-13  7:10:25,8
2017-08-13  7:11:25,7
2017-08-13  7:12:25,9
2017-08-13  7:13:25,9
2017-08-13  7:14:26,9
2017-08-13  7:15:26,9
2017-08-13  7:16:26,9
2017-08-13  7:17:26,14
2017-08-13  7:18:27,17
2017-08-13  7:19:27,10
2017-08-13  7:20:27,9
2017-08-13  7:21:27,8
2017-08-13  7:22:28,8
2017-08-13  7:23:28,9
2017-08-13  7:24:28,8
2017-08-13  7:25:29,7
2017-08-13  7:26:29,6
2017-08-13  7:27:29,6
2017-08-13  7:28:29,6
2017-08-13  7:29:30,10
2017-08-13  7:30:30,7
2017-08-13  7:31:30,7
2017-08-13  7:32:30,9
2017-08-13  7:33:31,9
2017-08-13  7:34:31,8
2017-08-13  7:35:31,8
2017-08-13  7:36:32,6
2017-08-13  7:37:32,6
2017-08-13  7:38:32,6
2017-08-13  7:39:32,7
2017-08-13  7:40:33,8
2017-08-13  7:41:33,8
2017-08-13  7:42:33,8
2017-08-13  7:43:33,7
2017-08-13  7:44:34,6
2017-08-13  7:45:34,7
2017-08-13  7:46:34,8
2017-08-13  7:47:35,10
2017-08-13  7:48:35,8
2017-08-13  7:49:35,7
2017-08-13  7:50:35,8
2017-08-13  7:51:36,7
2017-08-13  7:52:36,9
2017-08-13  7:53:36,10
2017-08-13  7:54:36,13
2017-08-13  7:55:37,10
2017-08-13  7:56:37,10
2017-08-13  7:57:37,9
2017-08-13  7:58:37,10
2017-08-13  7:59:38,11
2017-08-13  8:00:38,11
2017-08-13  8:01:38,11
2017-08-13  8:02:38,12
2017-08-13  8:03:39,20
2017-08-13  8:04:39,17
2017-08-13  8:05:39,10
2017-08-13  8:06:40,17
2017-08-13  8:07:40,10
2017-08-13  8:08:40,9
2017-08-13  8:09:41,9
2017-08-13  8:10:41,9
2017-08-13  8:11:41,9
2017-08-13  8:12:41,8
2017-08-13  8:13:42,8
2017-08-13  8:14:42,8
2017-08-13  8:15:42,8
2017-08-13  8:16:42,10
2017-08-13  8:17:43,13
2017-08-13  8:18:43,12
2017-08-13  8:19:43,10
2017-08-13  8:20:44,9
2017-08-13  8:21:44,8
2017-08-13  8:22:44,9
2017-08-13  8:23:44,9
2017-08-13  8:24:45,8
2017-08-13  8:25:45,8
2017-08-13  8:26:45,8
2017-08-13  8:27:46,10
2017-08-13  8:28:46,13
2017-08-13  8:29:46,11
2017-08-13  8:30:46,8
2017-08-13  8:31:47,9
2017-08-13  8:32:47,9
2017-08-13  8:33:47,13
2017-08-13  8:34:47,10
2017-08-13  8:35:48,13
2017-08-13  8:36:48,13
2017-08-13  8:37:48,16
2017-08-13  8:38:48,15
2017-08-13  8:39:49,14
2017-08-13  8:40:49,12
2017-08-13  8:41:49,15
2017-08-13  8:42:50,17
2017-08-13  8:43:50,11
2017-08-13  8:44:50,14
2017-08-13  8:45:50,12
2017-08-13  8:46:51,12
2017-08-13  8:47:51,13
2017-08-13  8:48:51,13
2017-08-13  8:49:51,16
2017-08-13  8:50:52,20
2017-08-13  8:51:52,16
2017-08-13  8:52:52,16
2017-08-13  8:53:52,14
2017-08-13  8:54:53,12
2017-08-13  8:55:53,9
2017-08-13  8:56:53,9
2017-08-13  8:57:53,9
2017-08-13  8:58:54,8
2017-08-13  8:59:54,8
2017-08-13  9:00:54,11
2017-08-13  9:01:55,9
2017-08-13  9:02:55,9
2017-08-13  9:03:55,12
2017-08-13  9:04:55,14
2017-08-13  9:05:56,9
2017-08-13  9:06:56,10
2017-08-13  9:07:56,10
2017-08-13  9:08:56,9
2017-08-13  9:09:57,9
2017-08-13  9:10:57,8
2017-08-13  9:11:57,8
2017-08-13  9:12:57,9
2017-08-13  9:13:58,8
2017-08-13  9:14:58,9
2017-08-13  9:15:58,10
2017-08-13  9:16:58,7
2017-08-13  9:17:59,7
2017-08-13  9:18:59,9
2017-08-13  9:19:59,9
2017-08-13  9:20:59,8
2017-08-13  9:22:00,9
2017-08-13  9:23:00,14
2017-08-13  9:24:00,11
2017-08-13  9:25:00,16
2017-08-13  9:26:01,11
2017-08-13  9:27:01,12
2017-08-13  9:28:01,13
2017-08-13  9:29:01,12
2017-08-13  9:30:02,11
2017-08-13  9:31:02,8
2017-08-13  9:32:02,8
2017-08-13  9:33:02,14
2017-08-13  9:34:03,11
2017-08-13  9:35:03,10
2017-08-13  9:36:03,10
2017-08-13  9:37:04,10
2017-08-13  9:38:04,9
2017-08-13  9:39:04,7
2017-08-13  9:40:04,6
2017-08-13  9:41:05,5
2017-08-13  9:42:05,6
2017-08-13  9:43:05,4
2017-08-13  9:44:06,4
2017-08-13  9:45:06,3
2017-08-13  9:46:06,3
2017-08-13  9:47:06,3
2017-08-13  9:48:07,3
2017-08-13  9:49:07,4
2017-08-13  9:50:07,5
2017-08-13  9:51:07,7
2017-08-13  9:52:08,10
2017-08-13  9:53:08,9
2017-08-13  9:54:08,8
2017-08-13  9:55:08,9
2017-08-13  9:56:09,9
2017-08-13  9:57:09,8
2017-08-13  9:58:09,8
2017-08-13  9:59:10,9
2017-08-13  10:00:10,9
2017-08-13  10:01:10,11
2017-08-13  10:02:10,13
2017-08-13  10:03:11,11
2017-08-13  10:04:11,9
2017-08-13  10:05:11,10
2017-08-13  10:06:12,11
2017-08-13  10:07:12,7
2017-08-13  10:08:12,9
2017-08-13  10:09:12,12
2017-08-13  10:10:13,8
2017-08-13  10:11:13,10
2017-08-13  10:12:13,8
2017-08-13  10:13:13,9
2017-08-13  10:14:14,12
2017-08-13  10:15:14,8
2017-08-13  10:16:14,9
2017-08-13  10:17:14,9
2017-08-13  10:18:15,13
2017-08-13  10:19:15,10
2017-08-13  10:20:15,9
2017-08-13  10:21:16,10
2017-08-13  10:22:16,13
2017-08-13  10:23:16,15
2017-08-13  10:24:17,14
2017-08-13  10:25:17,11
2017-08-13  10:26:17,10
2017-08-13  10:27:17,8
2017-08-13  10:28:18,7
2017-08-13  10:29:18,8
2017-08-13  10:30:18,7
2017-08-13  10:31:18,6
2017-08-13  10:32:19,6
2017-08-13  10:33:19,6
2017-08-13  10:34:19,6
2017-08-13  10:35:19,5
2017-08-13  10:36:20,6
2017-08-13  10:37:20,6
2017-08-13  10:38:20,8
2017-08-13  10:39:20,9
2017-08-13  10:40:21,8
2017-08-13  10:41:21,8
2017-08-13  10:42:21,7
2017-08-13  10:43:22,6
2017-08-13  10:44:22,6
2017-08-13  10:45:22,7
2017-08-13  10:46:22,9
2017-08-13  10:47:23,9
2017-08-13  10:48:23,10
2017-08-13  10:49:23,9
2017-08-13  10:50:23,7
2017-08-13  10:51:24,8
2017-08-13  10:52:24,11
2017-08-13  10:53:24,9
2017-08-13  10:54:25,7
2017-08-13  10:55:25,8
2017-08-13  10:56:25,9
2017-08-13  10:57:25,9
2017-08-13  10:58:26,9
2017-08-13  10:59:26,12
2017-08-13  11:00:26,16
2017-08-13  11:01:26,9
2017-08-13  11:02:27,7
2017-08-13  11:03:27,8
2017-08-13  11:04:27,13
2017-08-13  11:05:28,11
2017-08-13  11:06:28,9
2017-08-13  11:07:28,9
2017-08-13  11:08:29,11
2017-08-13  11:09:29,14
2017-08-13  11:10:29,17
2017-08-13  11:11:29,9
2017-08-13  11:12:30,7
2017-08-13  11:13:30,6
2017-08-13  11:14:30,7
2017-08-13  11:15:30,6
2017-08-13  11:16:31,6
2017-08-13  11:17:31,5
2017-08-13  11:18:31,5
2017-08-13  11:19:31,5
2017-08-13  11:20:32,5
2017-08-13  11:21:32,8
2017-08-13  11:22:32,7
2017-08-13  11:23:32,7
2017-08-13  11:24:33,9
2017-08-13  11:25:33,9
2017-08-13  11:26:33,7
2017-08-13  11:27:33,10
2017-08-13  11:28:34,7
2017-08-13  11:29:34,8
2017-08-13  11:30:34,7
2017-08-13  11:31:35,8
2017-08-13  11:32:35,8
2017-08-13  11:33:35,8
2017-08-13  11:34:35,10
2017-08-13  11:35:36,11
2017-08-13  11:36:36,11
2017-08-13  11:37:36,11
2017-08-13  11:38:36,11
2017-08-13  11:39:37,10
2017-08-13  11:40:37,8
2017-08-13  11:41:37,9
2017-08-13  11:42:38,11
2017-08-13  11:43:38,9
2017-08-13  11:44:38,8
2017-08-13  11:45:38,11
2017-08-13  11:46:39,12
2017-08-13  11:47:39,12
2017-08-13  11:48:39,11
2017-08-13  11:49:39,9
2017-08-13  11:50:40,10
2017-08-13  11:51:40,11
2017-08-13  11:52:40,12
2017-08-13  11:53:41,12
2017-08-13  11:54:41,15
2017-08-13  11:55:41,21
2017-08-13  11:56:41,18
2017-08-13  11:57:42,14
2017-08-13  11:58:42,16
2017-08-13  11:59:42,10
2017-08-13  12:00:42,9
2017-08-13  12:01:43,9
2017-08-13  12:02:43,9
2017-08-13  12:03:43,9
2017-08-13  12:04:43,8
2017-08-13  12:05:44,8
2017-08-13  12:06:44,8
2017-08-13  12:07:44,10
2017-08-13  12:08:44,10
2017-08-13  12:09:45,13
2017-08-13  12:10:45,12
2017-08-13  12:11:45,10
2017-08-13  12:12:46,12
2017-08-13  12:13:46,9
2017-08-13  12:14:46,9
2017-08-13  12:15:46,9
2017-08-13  12:16:47,9
2017-08-13  12:17:47,9
2017-08-13  12:18:47,10
2017-08-13  12:19:48,10
2017-08-13  12:20:48,15
2017-08-13  12:21:48,13
2017-08-13  12:22:48,11
2017-08-13  12:23:49,13
2017-08-13  12:24:49,13
2017-08-13  12:25:49,12
2017-08-13  12:26:49,11
2017-08-13  12:27:50,15
2017-08-13  12:28:50,17
2017-08-13  12:29:50,17
2017-08-13  12:30:50,16
2017-08-13  12:31:51,14
2017-08-13  12:32:51,11
2017-08-13  12:33:51,15
2017-08-13  12:34:51,16
2017-08-13  12:35:52,11
2017-08-13  12:36:52,11
2017-08-13  12:37:52,9
2017-08-13  12:38:53,10
2017-08-13  12:39:53,9
2017-08-13  12:40:53,12
2017-08-13  12:41:54,11
2017-08-13  12:42:54,10
2017-08-13  12:43:54,13
2017-08-13  12:44:54,10
2017-08-13  12:45:55,7
2017-08-13  12:46:55,8
2017-08-13  12:47:55,5
2017-08-13  12:48:55,5
2017-08-13  12:49:56,5
2017-08-13  12:50:56,4
2017-08-13  12:51:56,4
2017-08-13  12:52:57,7
2017-08-13  12:53:57,8
2017-08-13  12:54:57,9
2017-08-13  12:55:57,6
2017-08-13  12:56:58,7
2017-08-13  12:57:58,7
2017-08-13  12:58:58,10
2017-08-13  12:59:58,8
2017-08-13  13:00:59,5
2017-08-13  13:01:59,5
2017-08-13  13:02:59,5
2017-08-13  13:04:00,5
2017-08-13  13:05:00,5
2017-08-13  13:06:00,5
2017-08-13  13:07:00,5
2017-08-13  13:08:01,5
2017-08-13  13:09:01,5
2017-08-13  13:10:01,6
2017-08-13  13:11:02,8
2017-08-13  13:12:02,6
2017-08-13  13:13:02,7
2017-08-13  13:14:02,7
2017-08-13  13:15:03,7
2017-08-13  13:16:03,7
2017-08-13  13:17:03,6
2017-08-13  13:18:03,4
2017-08-13  13:19:04,8
2017-08-13  13:20:04,9
2017-08-13  13:21:04,12
2017-08-13  13:22:05,9
2017-08-13  13:23:05,9
2017-08-13  13:24:05,8
2017-08-13  13:25:05,9
2017-08-13  13:26:06,8
2017-08-13  13:27:06,7
2017-08-13  13:28:06,11
2017-08-13  13:29:06,11
2017-08-13  13:30:07,10
2017-08-13  13:31:07,11
2017-08-13  13:32:07,11
2017-08-13  13:33:07,9
2017-08-13  13:34:08,8
2017-08-13  13:35:08,9
2017-08-13  13:36:08,8
2017-08-13  13:37:09,6
2017-08-13  13:38:09,6
2017-08-13  13:39:09,6
2017-08-13  13:40:09,5
2017-08-13  13:41:10,4
2017-08-13  13:42:10,5
2017-08-13  13:43:10,10
2017-08-13  13:44:10,10
2017-08-13  13:45:11,9
2017-08-13  13:46:11,8
2017-08-13  13:47:11,8
2017-08-13  13:48:11,8
2017-08-13  13:49:12,8
2017-08-13  13:50:12,8
2017-08-13  13:51:12,9
2017-08-13  13:52:12,9
2017-08-13  13:53:13,12
2017-08-13  13:54:13,12
2017-08-13  13:55:13,11
2017-08-13  13:56:14,12
2017-08-13  13:57:14,12
2017-08-13  13:58:14,13
2017-08-13  13:59:14,12
2017-08-13  14:00:15,10
2017-08-13  14:01:15,13
2017-08-13  14:02:15,10
2017-08-13  14:03:16,11
2017-08-13  14:04:16,12
2017-08-13  14:05:16,14
2017-08-13  14:06:16,15
2017-08-13  14:07:17,14
2017-08-13  14:08:17,14
2017-08-13  14:09:17,13
2017-08-13  14:10:18,14
2017-08-13  14:11:18,13
2017-08-13  14:12:18,13
2017-08-13  14:13:18,15
2017-08-13  14:14:19,21
2017-08-13  14:15:19,19
2017-08-13  14:16:19,15
2017-08-13  14:17:19,14
2017-08-13  14:18:20,13
2017-08-13  14:19:20,11
2017-08-13  14:20:20,9
2017-08-13  14:21:21,11
2017-08-13  14:22:21,9
2017-08-13  14:23:21,8
2017-08-13  14:24:21,8
2017-08-13  14:25:22,9
2017-08-13  14:26:22,9
2017-08-13  14:27:22,9
2017-08-13  14:28:22,8
2017-08-13  14:29:23,11
2017-08-13  14:30:23,12
2017-08-13  14:31:23,12
2017-08-13  14:32:24,9
2017-08-13  14:33:24,9
2017-08-13  14:34:24,9
2017-08-13  14:35:24,9
2017-08-13  14:36:25,9
2017-08-13  14:37:25,10
2017-08-13  14:38:25,11
2017-08-13  14:39:25,10
2017-08-13  14:40:26,12
2017-08-13  14:41:26,9
2017-08-13  14:42:26,10
2017-08-13  14:43:27,11
2017-08-13  14:44:27,10
2017-08-13  14:45:27,9
2017-08-13  14:46:27,9
2017-08-13  14:47:28,12
2017-08-13  14:48:28,13
2017-08-13  14:49:28,10
2017-08-13  14:50:29,12
2017-08-13  14:51:29,15
2017-08-13  14:52:29,14
2017-08-13  14:53:29,16
2017-08-13  14:54:30,9
2017-08-13  14:55:30,10
2017-08-13  14:56:30,13
2017-08-13  14:57:30,11
2017-08-13  14:58:31,15
2017-08-13  14:59:31,13
2017-08-13  15:00:31,13
2017-08-13  15:01:31,23
2017-08-13  15:02:32,13
2017-08-13  15:03:32,11
2017-08-13  15:04:32,8
2017-08-13  15:05:33,8
2017-08-13  15:06:33,8
2017-08-13  15:07:33,8
2017-08-13  15:08:33,8
2017-08-13  15:09:34,8
2017-08-13  15:10:34,7
2017-08-13  15:11:34,7
2017-08-13  15:12:34,7
2017-08-13  15:13:35,10
2017-08-13  15:14:35,13
2017-08-13  15:15:35,9
2017-08-13  15:16:35,10
2017-08-13  15:17:36,10
2017-08-13  15:18:36,9
2017-08-13  15:19:36,10
2017-08-13  15:20:37,9
2017-08-13  15:21:37,9
2017-08-13  15:22:37,9
2017-08-13  15:23:37,10
2017-08-13  15:24:38,10
2017-08-13  15:25:38,12
2017-08-13  15:26:38,15
2017-08-13  15:27:38,12
2017-08-13  15:28:39,12
2017-08-13  15:29:39,13
2017-08-13  15:30:39,11
2017-08-13  15:31:40,11
2017-08-13  15:32:40,10
2017-08-13  15:33:40,9
2017-08-13  15:34:40,14
2017-08-13  15:35:41,13
2017-08-13  15:36:41,11
2017-08-13  15:37:41,9
2017-08-13  15:38:42,14
2017-08-13  15:39:42,19
2017-08-13  15:40:42,12
2017-08-13  15:41:42,7
2017-08-13  15:42:43,12
2017-08-13  15:43:43,9
2017-08-13  15:44:43,8
2017-08-13  15:45:43,9
2017-08-13  15:46:44,13
2017-08-13  15:47:44,12
2017-08-13  15:48:44,7
2017-08-13  15:49:44,9
2017-08-13  15:50:45,5
2017-08-13  15:51:45,4
2017-08-13  15:52:45,4
2017-08-13  15:53:45,3
2017-08-13  15:54:46,3
2017-08-13  15:55:46,3
2017-08-13  15:56:46,3
2017-08-13  15:57:47,4
2017-08-13  15:58:47,5
2017-08-13  15:59:47,6
2017-08-13  16:00:47,7
2017-08-13  16:01:48,6
2017-08-13  16:02:48,6
2017-08-13  16:03:48,6
2017-08-13  16:04:48,8
2017-08-13  16:05:49,5
2017-08-13  16:06:49,5
2017-08-13  16:07:49,5
2017-08-13  16:08:49,5
2017-08-13  16:09:50,6
2017-08-13  16:10:50,6
2017-08-13  16:11:50,5
2017-08-13  16:12:50,8
2017-08-13  16:13:51,8
2017-08-13  16:14:51,8
2017-08-13  16:15:51,9
2017-08-13  16:16:51,8
2017-08-13  16:17:52,8
2017-08-13  16:18:52,9
2017-08-13  16:19:52,9
2017-08-13  16:20:53,12
2017-08-13  16:21:53,10
2017-08-13  16:22:53,11
2017-08-13  16:23:54,10
2017-08-13  16:24:54,11
2017-08-13  16:25:54,9
2017-08-13  16:26:54,8
2017-08-13  16:27:55,8
2017-08-13  16:28:55,7
2017-08-13  16:29:55,7
2017-08-13  16:30:55,9
2017-08-13  16:31:56,8
2017-08-13  16:32:56,10
2017-08-13  16:33:56,11
2017-08-13  16:34:56,10
2017-08-13  16:35:57,10
2017-08-13  16:36:57,9
2017-08-13  16:37:57,7
2017-08-13  16:38:57,8
2017-08-13  16:39:58,6
2017-08-13  16:40:58,7
2017-08-13  16:41:58,5
2017-08-13  16:42:59,4
2017-08-13  16:43:59,4
2017-08-13  16:44:59,5
2017-08-13  16:46:00,8
2017-08-13  16:47:00,8
2017-08-13  16:48:00,7
2017-08-13  16:49:00,8
2017-08-13  16:50:01,7
2017-08-13  16:51:01,10
2017-08-13  16:52:01,7
2017-08-13  16:53:01,7
2017-08-13  16:54:02,6
2017-08-13  16:55:02,6
2017-08-13  16:56:02,6
2017-08-13  16:57:03,7
2017-08-13  16:58:03,7
2017-08-13  16:59:03,7
2017-08-13  17:00:03,7
2017-08-13  17:01:04,8
2017-08-13  17:02:04,9
2017-08-13  17:03:04,11
2017-08-13  17:04:04,12
2017-08-13  17:05:05,13
2017-08-13  17:06:05,12
2017-08-13  17:07:05,10
2017-08-13  17:08:05,10
2017-08-13  17:09:06,10
2017-08-13  17:10:06,8
2017-08-13  17:11:06,11
2017-08-13  17:12:06,12
2017-08-13  17:13:07,14
2017-08-13  17:14:07,14
2017-08-13  17:15:07,13
2017-08-13  17:16:08,13
2017-08-13  17:17:08,13
2017-08-13  17:18:08,13
2017-08-13  17:19:09,11
2017-08-13  17:20:09,17
2017-08-13  17:21:09,14
2017-08-13  17:22:09,15
2017-08-13  17:23:10,13
2017-08-13  17:24:10,12
2017-08-13  17:25:10,8
2017-08-13  17:26:10,8
2017-08-13  17:27:11,8
2017-08-13  17:28:11,8
2017-08-13  17:29:11,6
2017-08-13  17:30:11,6
2017-08-13  17:31:12,6
2017-08-13  17:32:12,7
2017-08-13  17:33:12,6
2017-08-13  17:34:13,7
2017-08-13  17:35:13,11
2017-08-13  17:36:13,11
2017-08-13  17:37:13,10
2017-08-13  17:38:14,8
2017-08-13  17:39:14,9
2017-08-13  17:40:14,8
2017-08-13  17:41:14,8
2017-08-13  17:42:15,8
2017-08-13  17:43:15,9
2017-08-13  17:44:15,9
2017-08-13  17:45:15,9
2017-08-13  17:46:16,10
2017-08-13  17:47:16,6
2017-08-13  17:48:16,9
2017-08-13  17:49:17,7
2017-08-13  17:50:17,7
2017-08-13  17:51:17,7
2017-08-13  17:52:17,6
2017-08-13  17:53:18,7
2017-08-13  17:54:18,7
2017-08-13  17:55:18,8
2017-08-13  17:56:19,10
2017-08-13  17:57:19,13
2017-08-13  17:58:19,13
2017-08-13  17:59:19,14
2017-08-13  18:00:20,9
2017-08-13  18:01:20,12
2017-08-13  18:02:20,11
2017-08-13  18:03:20,11
2017-08-13  18:04:21,11
2017-08-13  18:05:21,12
2017-08-13  18:06:21,16
2017-08-13  18:07:22,14
2017-08-13  18:08:22,11
2017-08-13  18:09:22,11
2017-08-13  18:10:22,10
2017-08-13  18:11:23,9
2017-08-13  18:12:23,8
2017-08-13  18:13:23,8
2017-08-13  18:14:24,7
2017-08-13  18:15:24,6
2017-08-13  18:16:24,6
2017-08-13  18:17:24,6
2017-08-13  18:18:25,5
2017-08-13  18:19:25,6
2017-08-13  18:20:25,7
2017-08-13  18:21:26,8
2017-08-13  18:22:26,8
2017-08-13  18:23:26,6
2017-08-13  18:24:26,6
2017-08-13  18:25:27,6
2017-08-13  18:26:27,6
2017-08-13  18:27:27,6
2017-08-13  18:28:27,6
2017-08-13  18:29:28,6
2017-08-13  18:30:28,7
2017-08-13  18:31:28,8
2017-08-13  18:32:28,7
2017-08-13  18:33:29,7
2017-08-13  18:34:29,8
2017-08-13  18:35:29,10
2017-08-13  18:36:29,7
2017-08-13  18:37:30,7
2017-08-13  18:38:30,7
2017-08-13  18:39:30,8
2017-08-13  18:40:30,9
2017-08-13  18:41:31,8
2017-08-13  18:42:31,9
2017-08-13  18:43:31,13
2017-08-13  18:44:31,13
2017-08-13  18:45:32,10
2017-08-13  18:46:32,8
2017-08-13  18:47:32,9
2017-08-13  18:48:33,10
2017-08-13  18:49:33,10
2017-08-13  18:50:33,10
2017-08-13  18:51:33,9
2017-08-13  18:52:34,18
2017-08-13  18:53:34,16
2017-08-13  18:54:34,9
2017-08-13  18:55:34,10
2017-08-13  18:56:35,8
2017-08-13  18:57:35,8
2017-08-13  18:58:35,8
2017-08-13  18:59:35,8
2017-08-13  19:00:36,8
2017-08-13  19:01:36,7
2017-08-13  19:02:36,7
2017-08-13  19:03:37,7
2017-08-13  19:04:37,9
2017-08-13  19:05:37,10
2017-08-13  19:06:37,9
2017-08-13  19:07:38,8
2017-08-13  19:08:38,9
2017-08-13  19:09:38,9
2017-08-13  19:10:39,9
2017-08-13  19:11:39,8
2017-08-13  19:12:39,9
2017-08-13  19:13:40,9
2017-08-13  19:14:40,8
2017-08-13  19:15:40,9
2017-08-13  19:16:40,9
2017-08-13  19:17:41,10
2017-08-13  19:18:41,7
2017-08-13  19:19:41,8
2017-08-13  19:20:41,9
2017-08-13  19:21:42,10
2017-08-13  19:22:42,8
2017-08-13  19:23:42,13
2017-08-13  19:24:42,9
2017-08-13  19:25:43,9
2017-08-13  19:26:43,11
2017-08-13  19:27:43,12
2017-08-13  19:28:43,13
2017-08-13  19:29:44,9
2017-08-13  19:30:44,14
2017-08-13  19:31:44,15
2017-08-13  19:32:45,11
2017-08-13  19:33:45,9
2017-08-13  19:34:45,13
2017-08-13  19:35:45,12
2017-08-13  19:36:46,10
2017-08-13  19:37:46,11
2017-08-13  19:38:46,14
2017-08-13  19:39:46,13
2017-08-13  19:40:47,11
2017-08-13  19:41:47,12
2017-08-13  19:42:47,7
2017-08-13  19:43:48,7
2017-08-13  19:44:48,5
2017-08-13  19:45:48,5
2017-08-13  19:46:49,5
2017-08-13  19:47:49,4
2017-08-13  19:48:49,4
2017-08-13  19:49:49,5
2017-08-13  19:50:50,6
2017-08-13  19:51:50,11
2017-08-13  19:52:50,12
2017-08-13  19:53:50,8
2017-08-13  19:54:51,8
2017-08-13  19:55:51,8
2017-08-13  19:56:51,12
2017-08-13  19:57:52,6
2017-08-13  19:58:52,6
2017-08-13  19:59:52,6
2017-08-13  20:00:52,7
2017-08-13  20:01:53,8
2017-08-13  20:02:53,10
2017-08-13  20:03:53,10
2017-08-13  20:04:53,10
2017-08-13  20:05:54,10
2017-08-13  20:06:54,11
2017-08-13  20:07:54,9
2017-08-13  20:08:54,11
2017-08-13  20:09:55,10
2017-08-13  20:10:55,13
2017-08-13  20:11:55,11
2017-08-13  20:12:56,12
2017-08-13  20:13:56,8
2017-08-13  20:14:56,9
2017-08-13  20:15:56,9
2017-08-13  20:16:57,11
2017-08-13  20:17:57,9
2017-08-13  20:18:57,8
2017-08-13  20:19:57,8
2017-08-13  20:20:58,9
2017-08-13  20:21:58,9
2017-08-13  20:22:58,13
2017-08-13  20:23:58,13
2017-08-13  20:24:59,11
2017-08-13  20:25:59,10
2017-08-13  20:26:59,9
2017-08-13  20:27:59,7
2017-08-13  20:29:00,7
2017-08-13  20:30:00,6
2017-08-13  20:31:00,5
2017-08-13  20:32:00,5
2017-08-13  20:33:01,4
2017-08-13  20:34:01,4
2017-08-13  20:35:01,5
2017-08-13  20:36:02,5
2017-08-13  20:37:02,7
2017-08-13  20:38:02,9
2017-08-13  20:39:02,8
2017-08-13  20:40:03,8
2017-08-13  20:41:03,10
2017-08-13  20:42:03,7
2017-08-13  20:43:03,7
2017-08-13  20:44:04,7
2017-08-13  20:45:04,7
2017-08-13  20:46:04,8
2017-08-13  20:47:04,9
2017-08-13  20:48:05,8
2017-08-13  20:49:05,9
2017-08-13  20:50:05,9
2017-08-13  20:51:05,9
2017-08-13  20:52:06,10
2017-08-13  20:53:06,9
2017-08-13  20:54:06,11
2017-08-13  20:55:06,9
2017-08-13  20:56:07,10
2017-08-13  20:57:07,13
2017-08-13  20:58:07,11
2017-08-13  20:59:08,11
2017-08-13  21:00:08,10
2017-08-13  21:01:08,12
2017-08-13  21:02:08,15
2017-08-13  21:03:09,11
2017-08-13  21:04:09,11
2017-08-13  21:05:09,11
2017-08-13  21:06:10,11
2017-08-13  21:07:10,11
2017-08-13  21:08:10,16
2017-08-13  21:09:10,14
2017-08-13  21:10:11,15
2017-08-13  21:11:11,10
2017-08-13  21:12:11,13
2017-08-13  21:13:12,10
2017-08-13  21:14:12,8
2017-08-13  21:15:12,8
2017-08-13  21:16:12,7
2017-08-13  21:17:13,7
2017-08-13  21:18:13,6
2017-08-13  21:19:13,6
2017-08-13  21:20:13,6
2017-08-13  21:21:14,4
2017-08-13  21:22:14,5
2017-08-13  21:23:14,8
2017-08-13  21:24:15,9
2017-08-13  21:25:15,9
2017-08-13  21:26:15,8
2017-08-13  21:27:15,7
2017-08-13  21:28:16,7
2017-08-13  21:29:16,7
2017-08-13  21:30:16,7
2017-08-13  21:31:16,8
2017-08-13  21:32:17,10
2017-08-13  21:33:17,9
2017-08-13  21:34:17,12
2017-08-13  21:35:17,11
2017-08-13  21:36:18,14
2017-08-13  21:37:18,9
2017-08-13  21:38:18,10
2017-08-13  21:39:19,12
2017-08-13  21:40:19,9
2017-08-13  21:41:19,12
2017-08-13  21:42:19,9
2017-08-13  21:43:20,7
2017-08-13  21:44:20,9
2017-08-13  21:45:20,11
2017-08-13  21:46:20,13
2017-08-13  21:47:21,9
2017-08-13  21:48:21,6
2017-08-13  21:49:21,7
2017-08-13  21:50:21,8
2017-08-13  21:51:22,10
2017-08-13  21:52:22,9
2017-08-13  21:53:22,10
2017-08-13  21:54:22,14
2017-08-13  21:55:23,9
2017-08-13  21:56:23,8
2017-08-13  21:57:23,7
2017-08-13  21:58:23,7
2017-08-13  21:59:24,5
2017-08-13  22:00:24,5
2017-08-13  22:01:24,4
2017-08-13  22:02:25,4
2017-08-13  22:03:25,3
2017-08-13  22:04:25,3
2017-08-13  22:05:26,3
2017-08-13  22:06:26,3
2017-08-13  22:07:26,4
2017-08-13  22:08:26,3
2017-08-13  22:09:27,4
2017-08-13  22:10:27,5
2017-08-13  22:11:27,5
2017-08-13  22:12:28,5
2017-08-13  22:13:28,5
2017-08-13  22:14:28,5
2017-08-13  22:15:28,4
2017-08-13  22:16:29,4
2017-08-13  22:17:29,4
2017-08-13  22:18:29,5
2017-08-13  22:19:29,7
2017-08-13  22:20:30,7
2017-08-13  22:21:30,8
2017-08-13  22:22:30,9
2017-08-13  22:23:30,8
2017-08-13  22:24:31,8
2017-08-13  22:25:31,7
2017-08-13  22:26:31,5
2017-08-13  22:27:32,7
2017-08-13  22:28:32,6
2017-08-13  22:29:32,6
2017-08-13  22:30:32,9
2017-08-13  22:31:33,9
2017-08-13  22:32:33,10
2017-08-13  22:33:33,9
2017-08-13  22:34:33,8
2017-08-13  22:35:34,7
2017-08-13  22:36:34,8
2017-08-13  22:37:34,8
2017-08-13  22:38:35,7
2017-08-13  22:39:35,9
2017-08-13  22:40:35,13
2017-08-13  22:41:35,13
2017-08-13  22:42:36,7
2017-08-13  22:43:36,8
2017-08-13  22:44:36,8
2017-08-13  22:45:36,6
2017-08-13  22:46:37,6
2017-08-13  22:47:37,6
2017-08-13  22:48:37,6
2017-08-13  22:49:38,5
2017-08-13  22:50:38,5
2017-08-13  22:51:38,5
2017-08-13  22:52:38,7
2017-08-13  22:53:39,7
2017-08-13  22:54:39,7
2017-08-13  22:55:39,7
2017-08-13  22:56:39,8
2017-08-13  22:57:40,10
2017-08-13  22:58:40,9
2017-08-13  22:59:40,7
2017-08-13  23:00:40,7
2017-08-13  23:01:41,7
2017-08-13  23:02:41,7
2017-08-13  23:03:41,7
2017-08-13  23:04:41,9
2017-08-13  23:05:42,9
2017-08-13  23:06:42,8
2017-08-13  23:07:42,8
2017-08-13  23:08:42,9
2017-08-13  23:09:43,9
2017-08-13  23:10:43,13
2017-08-13  23:11:43,10
2017-08-13  23:12:44,8
2017-08-13  23:13:44,9
2017-08-13  23:14:44,11
2017-08-13  23:15:44,13
2017-08-13  23:16:45,10
2017-08-13  23:17:45,12
2017-08-13  23:18:45,16
2017-08-13  23:19:45,15
2017-08-13  23:20:46,12
2017-08-13  23:21:46,11
2017-08-13  23:22:46,12
2017-08-13  23:23:46,13
2017-08-13  23:24:47,11
2017-08-13  23:25:47,10
2017-08-13  23:26:47,18
2017-08-13  23:27:48,15
2017-08-13  23:28:48,13
2017-08-13  23:29:48,18
2017-08-13  23:30:48,11
2017-08-13  23:31:49,10
2017-08-13  23:32:49,9
2017-08-13  23:33:49,9
2017-08-13  23:34:49,9
2017-08-13  23:35:50,8
2017-08-13  23:36:50,8
2017-08-13  23:37:50,9
2017-08-13  23:38:50,10
2017-08-13  23:39:51,8
2017-08-13  23:40:51,14
2017-08-13  23:41:51,12
2017-08-13  23:42:51,10
2017-08-13  23:43:52,9
2017-08-13  23:44:52,11
2017-08-13  23:45:52,9
2017-08-13  23:46:52,9
2017-08-13  23:47:53,9
2017-08-13  23:48:53,8
2017-08-13  23:49:53,8
2017-08-13  23:50:53,9
2017-08-13  23:51:54,8
2017-08-13  23:52:54,10
2017-08-13  23:53:54,7
2017-08-13  23:54:55,6
2017-08-13  23:55:55,7
2017-08-13  23:56:55,7
2017-08-13  23:57:56,11
2017-08-13  23:58:56,12
2017-08-13  23:59:56,12
2017-08-14  0:00:56,13
2017-08-14  0:01:57,12
2017-08-14  0:02:57,12
2017-08-14  0:03:57,10
2017-08-14  0:04:57,13
2017-08-14  0:05:58,15
2017-08-14  0:06:58,11
2017-08-14  0:07:58,10
2017-08-14  0:08:59,15
2017-08-14  0:09:59,12
2017-08-14  0:10:59,14
2017-08-14  0:11:59,13
2017-08-14  0:13:00,14
2017-08-14  0:14:00,16
2017-08-14  0:15:00,12
2017-08-14  0:16:01,13
2017-08-14  0:17:01,13
2017-08-14  0:18:01,10
2017-08-14  0:19:01,9
2017-08-14  0:20:02,10
2017-08-14  0:21:02,9
2017-08-14  0:22:02,9
2017-08-14  0:23:02,9
2017-08-14  0:24:03,9
2017-08-14  0:25:03,9
2017-08-14  0:26:03,5
2017-08-14  0:27:04,6
2017-08-14  0:28:04,7
2017-08-14  0:29:04,11
2017-08-14  0:30:04,14
2017-08-14  0:31:05,13
2017-08-14  0:32:05,12
2017-08-14  0:33:05,10
2017-08-14  0:34:06,9
2017-08-14  0:35:06,8
2017-08-14  0:36:06,9
2017-08-14  0:37:06,9
2017-08-14  0:38:07,11
2017-08-14  0:39:07,9
2017-08-14  0:40:07,8
2017-08-14  0:41:07,10
2017-08-14  0:42:08,10
2017-08-14  0:43:08,9
2017-08-14  0:44:08,10
2017-08-14  0:45:08,10
2017-08-14  0:46:09,10
2017-08-14  0:47:09,10
2017-08-14  0:48:10,10
2017-08-14  0:49:10,11
2017-08-14  0:50:10,15
2017-08-14  0:51:10,16
2017-08-14  0:52:11,17
2017-08-14  0:53:11,14
2017-08-14  0:54:11,13
2017-08-14  0:55:12,14
2017-08-14  0:56:12,14
2017-08-14  0:57:12,15
2017-08-14  0:58:12,13
2017-08-14  0:59:13,15
2017-08-14  1:00:13,19
2017-08-14  1:01:13,14
2017-08-14  1:02:13,14
2017-08-14  1:03:14,15
2017-08-14  1:04:14,12
2017-08-14  1:05:14,9
2017-08-14  1:06:15,11
2017-08-14  1:07:15,9
2017-08-14  1:08:15,8
2017-08-14  1:09:15,8
2017-08-14  1:10:16,8
2017-08-14  1:11:16,9
2017-08-14  1:12:16,9
2017-08-14  1:13:16,7
2017-08-14  1:14:17,11
2017-08-14  1:15:17,12
2017-08-14  1:16:17,11
2017-08-14  1:17:18,10
2017-08-14  1:18:18,10
2017-08-14  1:19:18,10
2017-08-14  1:20:18,8
2017-08-14  1:21:19,8
2017-08-14  1:22:19,8
2017-08-14  1:23:19,8
2017-08-14  1:24:20,8
2017-08-14  1:25:20,11
2017-08-14  1:26:20,7
2017-08-14  1:27:20,8
2017-08-14  1:28:21,7
2017-08-14  1:29:21,10
2017-08-14  1:30:21,6
2017-08-14  1:31:21,6
2017-08-14  1:32:22,9
2017-08-14  1:33:22,10
2017-08-14  1:34:22,12
2017-08-14  1:35:23,12
2017-08-14  1:36:23,13
2017-08-14  1:37:23,13
2017-08-14  1:38:23,16
2017-08-14  1:39:24,11
2017-08-14  1:40:24,10
2017-08-14  1:41:24,12
2017-08-14  1:42:24,16
2017-08-14  1:43:25,12
2017-08-14  1:44:25,11
2017-08-14  1:45:25,11
2017-08-14  1:46:25,14
2017-08-14  1:47:26,12
2017-08-14  1:48:26,11
2017-08-14  1:49:26,7
2017-08-14  1:50:27,7
2017-08-14  1:51:27,6
2017-08-14  1:52:27,6
2017-08-14  1:53:27,5
2017-08-14  1:54:28,4
2017-08-14  1:55:28,4
2017-08-14  1:56:28,4
2017-08-14  1:57:29,4
2017-08-14  1:58:29,3
2017-08-14  1:59:29,4
2017-08-14  2:00:29,4
2017-08-14  2:01:30,8
2017-08-14  2:02:30,9
2017-08-14  2:03:30,8
2017-08-14  2:04:31,8
2017-08-14  2:05:31,6
2017-08-14  2:06:31,7
2017-08-14  2:07:31,6
2017-08-14  2:08:32,6
2017-08-14  2:09:32,7
2017-08-14  2:10:32,7
2017-08-14  2:11:32,9
2017-08-14  2:12:33,10
2017-08-14  2:13:33,9
2017-08-14  2:14:33,10
2017-08-14  2:15:33,9
2017-08-14  2:16:34,9
2017-08-14  2:17:34,7
2017-08-14  2:18:34,8
2017-08-14  2:19:35,10
2017-08-14  2:20:35,8
2017-08-14  2:21:35,8
2017-08-14  2:22:35,8
2017-08-14  2:23:36,9
2017-08-14  2:24:36,9
2017-08-14  2:25:36,8
2017-08-14  2:26:36,8
2017-08-14  2:27:37,7
2017-08-14  2:28:37,8
2017-08-14  2:29:37,8
2017-08-14  2:30:37,7
2017-08-14  2:31:38,7
2017-08-14  2:32:38,12
2017-08-14  2:33:38,9
2017-08-14  2:34:39,9
2017-08-14  2:35:39,11
2017-08-14  2:36:39,6
2017-08-14  2:37:40,6
2017-08-14  2:38:40,7
2017-08-14  2:39:40,5
2017-08-14  2:40:40,5
2017-08-14  2:41:41,4
2017-08-14  2:42:41,4
2017-08-14  2:43:41,4
2017-08-14  2:44:41,4
2017-08-14  2:45:42,5
2017-08-14  2:46:42,6
2017-08-14  2:47:42,7
2017-08-14  2:48:42,9
2017-08-14  2:49:43,10
2017-08-14  2:50:43,8
2017-08-14  2:51:43,8
2017-08-14  2:52:44,8
2017-08-14  2:53:44,8
2017-08-14  2:54:44,8
2017-08-14  2:55:44,8
2017-08-14  2:56:45,8
2017-08-14  2:57:45,10
2017-08-14  2:58:45,12
2017-08-14  2:59:45,11
2017-08-14  3:00:46,11
2017-08-14  3:01:46,13
2017-08-14  3:02:46,12
2017-08-14  3:03:46,10
2017-08-14  3:04:47,9
2017-08-14  3:05:47,13
2017-08-14  3:06:47,15
2017-08-14  3:07:47,10
2017-08-14  3:08:48,7
2017-08-14  3:09:48,10
2017-08-14  3:10:48,11
2017-08-14  3:11:49,11
2017-08-14  3:12:49,11
2017-08-14  3:13:49,10
2017-08-14  3:14:49,10
2017-08-14  3:15:50,11
2017-08-14  3:16:50,11
2017-08-14  3:17:50,13
2017-08-14  3:18:50,15
2017-08-14  3:19:51,14
2017-08-14  3:20:51,11
2017-08-14  3:21:51,13
2017-08-14  3:22:52,11
2017-08-14  3:23:52,9
2017-08-14  3:24:52,7
2017-08-14  3:25:52,7
2017-08-14  3:26:53,7
2017-08-14  3:27:53,6
2017-08-14  3:28:53,6
2017-08-14  3:29:54,7
2017-08-14  3:30:54,8
2017-08-14  3:31:54,7
2017-08-14  3:32:54,9
2017-08-14  3:33:55,12
2017-08-14  3:34:55,10
2017-08-14  3:35:55,9
2017-08-14  3:36:55,11
2017-08-14  3:37:56,8
2017-08-14  3:38:56,8
2017-08-14  3:39:56,8
2017-08-14  3:40:56,8
2017-08-14  3:41:57,8
2017-08-14  3:42:57,9
2017-08-14  3:43:57,9
2017-08-14  3:44:58,12
2017-08-14  3:45:58,11
2017-08-14  3:46:58,10
2017-08-14  3:47:58,11
2017-08-14  3:48:59,9
2017-08-14  3:49:59,11
2017-08-14  3:50:59,12
2017-08-14  3:51:59,14
2017-08-14  3:53:00,13
2017-08-14  3:54:00,15
2017-08-14  3:55:00,13
2017-08-14  3:56:00,8
2017-08-14  3:57:01,12
2017-08-14  3:58:01,14
2017-08-14  3:59:01,14
2017-08-14  4:00:01,11
2017-08-14  4:01:02,11
2017-08-14  4:02:02,12
2017-08-14  4:03:02,12
2017-08-14  4:04:03,12
2017-08-14  4:05:03,17
2017-08-14  4:06:03,13
2017-08-14  4:07:03,11
2017-08-14  4:08:04,11
2017-08-14  4:09:04,8
2017-08-14  4:10:04,6
2017-08-14  4:11:05,7
2017-08-14  4:12:05,6
2017-08-14  4:13:05,5
2017-08-14  4:14:05,6
2017-08-14  4:15:06,6
2017-08-14  4:16:06,6
2017-08-14  4:17:06,6
2017-08-14  4:18:07,5
2017-08-14  4:19:07,5
2017-08-14  4:20:07,6
2017-08-14  4:21:07,8
2017-08-14  4:22:08,9
2017-08-14  4:23:08,9
2017-08-14  4:24:08,9
2017-08-14  4:25:09,7
2017-08-14  4:26:09,6
2017-08-14  4:27:09,5
2017-08-14  4:28:09,6
2017-08-14  4:29:10,7
2017-08-14  4:30:10,7
2017-08-14  4:31:10,8
2017-08-14  4:32:11,7
2017-08-14  4:33:11,8
2017-08-14  4:34:11,8
2017-08-14  4:35:11,12
2017-08-14  4:36:12,8
2017-08-14  4:37:12,10
2017-08-14  4:38:12,10
2017-08-14  4:39:12,8
2017-08-14  4:40:13,8
2017-08-14  4:41:13,9
2017-08-14  4:42:13,11
2017-08-14  4:43:13,13
2017-08-14  4:44:14,10
2017-08-14  4:45:14,11
2017-08-14  4:46:14,9
2017-08-14  4:47:14,11
2017-08-14  4:48:15,14
2017-08-14  4:49:15,14
2017-08-14  4:50:15,13
2017-08-14  4:51:15,13
2017-08-14  4:52:16,17
2017-08-14  4:53:16,17
2017-08-14  4:54:16,13
2017-08-14  4:55:16,13
2017-08-14  4:56:17,12
2017-08-14  4:57:17,10
2017-08-14  4:58:17,10
2017-08-14  4:59:17,11
2017-08-14  5:00:18,8
2017-08-14  5:01:18,7
2017-08-14  5:02:18,7
2017-08-14  5:03:18,11
2017-08-14  5:04:19,9
2017-08-14  5:05:19,6
2017-08-14  5:06:19,7
2017-08-14  5:07:19,10
2017-08-14  5:08:20,10
2017-08-14  5:09:20,11
2017-08-14  5:10:20,8
2017-08-14  5:11:20,8
2017-08-14  5:12:21,7
2017-08-14  5:13:21,7
2017-08-14  5:14:21,8
2017-08-14  5:15:21,10
2017-08-14  5:16:22,8
2017-08-14  5:17:22,10
2017-08-14  5:18:22,7
2017-08-14  5:19:23,8
2017-08-14  5:20:23,9
2017-08-14  5:21:23,13
2017-08-14  5:22:23,8
2017-08-14  5:23:24,7
2017-08-14  5:24:24,8
2017-08-14  5:25:24,8
2017-08-14  5:26:25,10
2017-08-14  5:27:25,11
2017-08-14  5:28:25,12
2017-08-14  5:29:25,14
2017-08-14  5:30:26,15
2017-08-14  5:31:26,12
2017-08-14  5:32:26,11
2017-08-14  5:33:26,14
2017-08-14  5:34:27,12
2017-08-14  5:35:27,12
2017-08-14  5:36:27,12
2017-08-14  5:37:28,19
2017-08-14  5:38:28,15
2017-08-14  5:39:28,13
2017-08-14  5:40:29,11
2017-08-14  5:41:29,6
2017-08-14  5:42:29,6
2017-08-14  5:43:29,7
2017-08-14  5:44:30,7
2017-08-14  5:45:30,7
2017-08-14  5:46:30,6
2017-08-14  5:47:30,6
2017-08-14  5:48:31,6
2017-08-14  5:49:31,6
2017-08-14  5:50:31,10
2017-08-14  5:51:32,5
2017-08-14  5:52:32,8
2017-08-14  5:53:32,10
2017-08-14  5:54:32,11
2017-08-14  5:55:33,11
2017-08-14  5:56:33,10
2017-08-14  5:57:33,8
2017-08-14  5:58:33,8
2017-08-14  5:59:34,9
2017-08-14  6:00:34,10
2017-08-14  6:01:34,10
2017-08-14  6:02:34,10
2017-08-14  6:03:35,11
2017-08-14  6:04:35,8
2017-08-14  6:05:35,12
2017-08-14  6:06:36,13
2017-08-14  6:07:36,10
2017-08-14  6:08:36,10
2017-08-14  6:09:36,8
2017-08-14  6:10:37,9
2017-08-14  6:11:37,12
2017-08-14  6:12:37,9
2017-08-14  6:13:38,9
2017-08-14  6:14:38,8
2017-08-14  6:15:38,10
2017-08-14  6:16:38,12
2017-08-14  6:17:39,10
2017-08-14  6:18:39,8
2017-08-14  6:19:39,8
2017-08-14  6:20:39,13
2017-08-14  6:21:40,10
2017-08-14  6:22:40,8
2017-08-14  6:23:40,8
2017-08-14  6:24:41,13
2017-08-14  6:25:41,14
2017-08-14  6:26:41,12
2017-08-14  6:27:41,10
2017-08-14  6:28:42,10
2017-08-14  6:29:42,8
2017-08-14  6:30:42,7
2017-08-14  6:31:42,7
2017-08-14  6:32:43,7
2017-08-14  6:33:43,6
2017-08-14  6:34:43,6
2017-08-14  6:35:44,6
2017-08-14  6:36:44,9
2017-08-14  6:37:44,7
2017-08-14  6:38:44,9
2017-08-14  6:39:45,9
2017-08-14  6:40:45,8
2017-08-14  6:41:45,10
2017-08-14  6:42:45,8
2017-08-14  6:43:46,7
2017-08-14  6:44:46,7
2017-08-14  6:45:46,7
2017-08-14  6:46:47,7
2017-08-14  6:47:47,7
2017-08-14  6:48:47,8
2017-08-14  6:49:47,11
2017-08-14  6:50:48,9
2017-08-14  6:51:48,8
2017-08-14  6:52:48,9
2017-08-14  6:53:49,11
2017-08-14  6:54:49,11
2017-08-14  6:55:49,10
2017-08-14  6:56:49,12
2017-08-14  6:57:50,11
2017-08-14  6:58:50,13
2017-08-14  6:59:50,11
2017-08-14  7:00:50,9
2017-08-14  7:01:51,11
2017-08-14  7:02:51,13
2017-08-14  7:03:51,14
2017-08-14  7:04:51,10
2017-08-14  7:05:52,9
2017-08-14  7:06:52,10
2017-08-14  7:07:52,11
2017-08-14  7:08:52,11
2017-08-14  7:09:53,11
2017-08-14  7:10:53,14
2017-08-14  7:11:53,10
2017-08-14  7:12:54,8
2017-08-14  7:13:54,10
2017-08-14  7:14:54,9
2017-08-14  7:15:54,7
2017-08-14  7:16:55,5
2017-08-14  7:17:55,5
2017-08-14  7:18:55,5
2017-08-14  7:19:55,5
2017-08-14  7:20:56,4
2017-08-14  7:21:56,5
2017-08-14  7:22:56,6
2017-08-14  7:23:56,6
2017-08-14  7:24:57,8
2017-08-14  7:25:57,6
2017-08-14  7:26:57,7
2017-08-14  7:27:58,5
2017-08-14  7:28:58,7
2017-08-14  7:29:58,5
2017-08-14  7:30:58,4
2017-08-14  7:31:59,4
2017-08-14  7:32:59,4
2017-08-14  7:33:59,4
2017-08-14  7:34:59,5
2017-08-14  7:36:00,6
2017-08-14  7:37:00,5
2017-08-14  7:38:00,5
2017-08-14  7:39:00,4
2017-08-14  7:40:01,4
2017-08-14  7:41:01,6
2017-08-14  7:42:01,6
2017-08-14  7:43:02,9
2017-08-14  7:44:02,6
2017-08-14  7:45:02,7
2017-08-14  7:46:02,5
2017-08-14  7:47:03,6
2017-08-14  7:48:03,6
2017-08-14  7:49:03,9
2017-08-14  7:50:04,7
2017-08-14  7:51:04,8
2017-08-14  7:52:04,7
2017-08-14  7:53:04,11
2017-08-14  7:54:05,8
2017-08-14  7:55:05,10
2017-08-14  7:56:05,8
2017-08-14  7:57:05,11
2017-08-14  7:58:06,12
2017-08-14  7:59:06,8
2017-08-14  8:00:06,9
2017-08-14  8:01:06,9
2017-08-14  8:02:07,6
2017-08-14  8:03:07,7
2017-08-14  8:04:07,6
2017-08-14  8:05:07,5
2017-08-14  8:06:08,5
2017-08-14  8:07:08,4
2017-08-14  8:08:08,4
2017-08-14  8:09:08,4
2017-08-14  8:10:09,2
2017-08-14  8:11:09,4
2017-08-14  8:12:09,4
2017-08-14  8:13:10,7
2017-08-14  8:14:10,7
2017-08-14  8:15:10,6
2017-08-14  8:16:10,5
2017-08-14  8:17:11,5
2017-08-14  8:18:11,5
2017-08-14  8:19:11,5
2017-08-14  8:20:11,5
2017-08-14  8:21:12,6
2017-08-14  8:22:12,6
2017-08-14  8:23:12,7
2017-08-14  8:24:13,7
2017-08-14  8:25:13,7
2017-08-14  8:26:13,9
2017-08-14  8:27:13,12
2017-08-14  8:28:14,9
2017-08-14  8:29:14,9
2017-08-14  8:30:14,9
2017-08-14  8:31:14,8
2017-08-14  8:32:15,8
2017-08-14  8:33:15,10
2017-08-14  8:34:15,8
2017-08-14  8:35:15,11
2017-08-14  8:36:16,11
2017-08-14  8:37:16,8
2017-08-14  8:38:16,10
2017-08-14  8:39:17,9
2017-08-14  8:40:17,7
2017-08-14  8:41:17,8
2017-08-14  8:42:17,9
2017-08-14  8:43:18,13
2017-08-14  8:44:18,12
2017-08-14  8:45:18,10
2017-08-14  8:46:18,8
2017-08-14  8:47:19,9
2017-08-14  8:48:19,7
2017-08-14  8:49:19,5
2017-08-14  8:50:20,5
2017-08-14  8:51:20,7
2017-08-14  8:52:20,6
2017-08-14  8:53:20,4
2017-08-14  8:54:21,4
2017-08-14  8:55:21,8
2017-08-14  8:56:21,6
2017-08-14  8:57:21,5
2017-08-14  8:58:22,6
2017-08-14  8:59:22,9
2017-08-14  9:00:22,11
2017-08-14  9:01:22,11
2017-08-14  9:02:23,7
2017-08-14  9:03:23,7
2017-08-14  9:04:23,7
2017-08-14  9:05:24,7
2017-08-14  9:06:24,7
2017-08-14  9:07:24,8
2017-08-14  9:08:25,9
2017-08-14  9:09:25,8
2017-08-14  9:10:25,9
2017-08-14  9:11:25,12
2017-08-14  9:12:26,11
2017-08-14  9:13:26,10
2017-08-14  9:14:26,9
2017-08-14  9:15:26,8
2017-08-14  9:16:27,10
2017-08-14  9:17:27,12
2017-08-14  9:18:27,11
2017-08-14  9:19:27,7
2017-08-14  9:20:28,10
2017-08-14  9:21:28,9
2017-08-14  9:22:28,10
2017-08-14  9:23:28,7
2017-08-14  9:24:29,7
2017-08-14  9:25:29,6
2017-08-14  9:26:29,7
2017-08-14  9:27:29,6
2017-08-14  9:28:30,7
2017-08-14  9:29:30,10
2017-08-14  9:30:30,11
2017-08-14  9:31:30,7
2017-08-14  9:32:31,6
2017-08-14  9:33:31,7
2017-08-14  9:34:31,5
2017-08-14  9:35:31,5
2017-08-14  9:36:32,4
2017-08-14  9:37:32,4
2017-08-14  9:38:32,4
2017-08-14  9:39:32,4
2017-08-14  9:40:33,4
2017-08-14  9:41:33,4
2017-08-14  9:42:33,4
2017-08-14  9:43:33,5
2017-08-14  9:44:34,4
2017-08-14  9:45:34,6
2017-08-14  9:46:34,6
2017-08-14  9:47:34,4
2017-08-14  9:48:35,4
2017-08-14  9:49:35,4
2017-08-14  9:50:35,5
2017-08-14  9:51:36,4
2017-08-14  9:52:36,4
2017-08-14  9:53:36,5
2017-08-14  9:54:36,6
2017-08-14  9:55:37,7
2017-08-14  9:56:37,7
2017-08-14  9:57:37,7
2017-08-14  9:58:38,6
2017-08-14  9:59:38,10
2017-08-14  10:00:38,8
2017-08-14  10:01:38,6
2017-08-14  10:02:39,7
2017-08-14  10:03:39,7
2017-08-14  10:04:39,9
2017-08-14  10:05:39,9
2017-08-14  10:06:40,9
