Timestamp,SNS  Alerts
2017-08-11  18:36:31,0
2017-08-11  18:37:31,0
2017-08-11  18:38:32,0
2017-08-11  18:39:32,0
2017-08-11  18:40:32,0
2017-08-11  18:41:32,0
2017-08-11  18:42:33,0
2017-08-11  18:43:33,0
2017-08-11  18:44:33,0
2017-08-11  18:45:34,0
2017-08-11  18:46:34,0
2017-08-11  18:47:34,0
2017-08-11  18:48:35,0
2017-08-11  18:49:35,0
2017-08-11  18:50:35,0
2017-08-11  18:51:35,0
2017-08-11  18:52:36,0
2017-08-11  18:53:36,0
2017-08-11  18:54:36,0
2017-08-11  18:55:37,0
2017-08-11  18:56:37,0
2017-08-11  18:57:37,0
2017-08-11  18:58:37,0
2017-08-11  18:59:38,0
2017-08-11  19:00:38,0
2017-08-11  19:01:38,0
2017-08-11  19:02:39,0
2017-08-11  19:03:39,0
2017-08-11  19:04:39,0
2017-08-11  19:05:40,0
2017-08-11  19:06:40,0
2017-08-11  19:07:40,0
2017-08-11  19:08:40,0
2017-08-11  19:09:41,0
2017-08-11  19:10:41,0
2017-08-11  19:11:41,0
2017-08-11  19:12:42,0
2017-08-11  19:13:42,0
2017-08-11  19:14:42,0
2017-08-11  19:15:42,0
2017-08-11  19:16:43,0
2017-08-11  19:17:43,0
2017-08-11  19:18:43,0
2017-08-11  19:19:43,0
2017-08-11  19:20:44,1
2017-08-11  19:21:44,0
2017-08-11  19:22:44,0
2017-08-11  19:23:45,0
2017-08-11  19:24:45,1
2017-08-11  19:25:45,1
2017-08-11  19:26:45,0
2017-08-11  19:27:46,0
2017-08-11  19:28:46,0
2017-08-11  19:29:46,0
2017-08-11  19:30:46,1
2017-08-11  19:31:47,1
2017-08-11  19:32:47,0
2017-08-11  19:33:47,1
2017-08-11  19:34:48,0
2017-08-11  19:35:48,0
2017-08-11  19:36:48,0
2017-08-11  19:37:48,0
2017-08-11  19:38:49,0
2017-08-11  19:39:49,1
2017-08-11  19:40:49,1
2017-08-11  19:41:50,0
2017-08-11  19:42:50,0
2017-08-11  19:43:50,4
2017-08-11  19:44:50,3
2017-08-11  19:45:51,2
2017-08-11  19:46:51,1
2017-08-11  19:47:51,4
2017-08-11  19:48:51,1
2017-08-11  19:49:52,1
2017-08-11  19:50:52,2
2017-08-11  19:51:52,0
2017-08-11  19:52:53,1
2017-08-11  19:53:53,1
2017-08-11  19:54:53,0
2017-08-11  19:55:53,3
2017-08-11  19:56:54,1
2017-08-11  19:57:54,0
2017-08-11  19:58:54,0
2017-08-11  19:59:55,0
2017-08-11  20:00:55,0
2017-08-11  20:01:55,1
2017-08-11  20:02:55,2
2017-08-11  20:03:56,3
2017-08-11  20:04:56,1
2017-08-11  20:05:56,1
2017-08-11  20:06:56,2
2017-08-11  20:07:57,0
2017-08-11  20:08:57,1
2017-08-11  20:09:57,2
2017-08-11  20:10:58,0
2017-08-11  20:11:58,0
2017-08-11  20:12:58,0
2017-08-11  20:13:58,0
2017-08-11  20:14:59,0
2017-08-11  20:15:59,0
2017-08-11  20:16:59,1
2017-08-11  20:17:59,1
2017-08-11  20:19:00,1
2017-08-11  20:20:00,1
2017-08-11  20:21:00,2
2017-08-11  20:22:01,0
2017-08-11  20:23:01,0
2017-08-11  20:24:01,1
2017-08-11  20:25:01,1
2017-08-11  20:26:02,0
2017-08-11  20:27:02,0
2017-08-11  20:28:02,3
2017-08-11  20:29:02,3
2017-08-11  20:30:03,2
2017-08-11  20:31:03,2
2017-08-11  20:32:03,2
2017-08-11  20:33:04,4
2017-08-11  20:34:04,1
2017-08-11  20:35:04,2
2017-08-11  20:36:04,2
2017-08-11  20:37:05,2
2017-08-11  20:38:05,3
2017-08-11  20:39:05,2
2017-08-11  20:40:06,0
2017-08-11  20:41:06,1
2017-08-11  20:42:06,1
2017-08-11  20:43:06,0
2017-08-11  20:44:07,1
2017-08-11  20:45:07,0
2017-08-11  20:46:07,0
2017-08-11  20:47:08,1
2017-08-11  20:48:08,0
2017-08-11  20:49:08,0
2017-08-11  20:50:09,1
2017-08-11  20:51:09,3
2017-08-11  20:52:09,0
2017-08-11  20:53:09,0
2017-08-11  20:54:10,3
2017-08-11  20:55:10,0
2017-08-11  20:56:10,1
2017-08-11  20:57:10,2
2017-08-11  20:58:11,1
2017-08-11  20:59:11,0
2017-08-11  21:00:11,0
2017-08-11  21:01:12,1
2017-08-11  21:02:12,0
2017-08-11  21:03:12,1
2017-08-11  21:04:12,0
2017-08-11  21:05:13,1
2017-08-11  21:06:13,0
2017-08-11  21:07:13,0
2017-08-11  21:08:14,1
2017-08-11  21:09:14,1
2017-08-11  21:10:14,0
2017-08-11  21:11:15,1
2017-08-11  21:12:15,1
2017-08-11  21:13:15,0
2017-08-11  21:14:16,4
2017-08-11  21:15:16,3
2017-08-11  21:16:16,2
2017-08-11  21:17:17,3
2017-08-11  21:18:17,0
2017-08-11  21:19:17,3
2017-08-11  21:20:17,1
2017-08-11  21:21:18,2
2017-08-11  21:22:18,2
2017-08-11  21:23:18,1
2017-08-11  21:24:19,0
2017-08-11  21:25:19,0
2017-08-11  21:26:19,1
2017-08-11  21:27:19,0
2017-08-11  21:28:20,0
2017-08-11  21:29:20,0
2017-08-11  21:30:20,0
2017-08-11  21:31:20,1
2017-08-11  21:32:21,0
2017-08-11  21:33:21,1
2017-08-11  21:34:21,2
2017-08-11  21:35:22,1
2017-08-11  21:36:22,2
2017-08-11  21:37:22,1
2017-08-11  21:38:22,1
2017-08-11  21:39:23,1
2017-08-11  21:40:23,0
2017-08-11  21:41:23,0
2017-08-11  21:42:24,2
2017-08-11  21:43:24,1
2017-08-11  21:44:24,0
2017-08-11  21:45:24,0
2017-08-11  21:46:25,1
2017-08-11  21:47:25,0
2017-08-11  21:48:25,2
2017-08-11  21:49:26,1
2017-08-11  21:50:26,0
2017-08-11  21:51:26,0
2017-08-11  21:52:27,0
2017-08-11  21:53:27,0
2017-08-11  21:54:27,1
2017-08-11  21:55:27,1
2017-08-11  21:56:28,1
2017-08-11  21:57:28,1
2017-08-11  21:58:28,3
2017-08-11  21:59:28,2
2017-08-11  22:00:29,2
2017-08-11  22:01:29,1
2017-08-11  22:02:29,3
2017-08-11  22:03:30,3
2017-08-11  22:04:30,2
2017-08-11  22:05:30,0
2017-08-11  22:06:31,1
2017-08-11  22:07:31,2
2017-08-11  22:08:31,2
2017-08-11  22:09:32,1
2017-08-11  22:10:32,0
2017-08-11  22:11:32,1
2017-08-11  22:12:33,1
2017-08-11  22:13:33,2
2017-08-11  22:14:33,1
2017-08-11  22:15:34,1
2017-08-11  22:16:34,0
2017-08-11  22:17:34,1
2017-08-11  22:18:34,0
2017-08-11  22:19:35,1
2017-08-11  22:20:35,2
2017-08-11  22:21:35,2
2017-08-11  22:22:35,1
2017-08-11  22:23:36,0
2017-08-11  22:24:36,1
2017-08-11  22:25:36,1
2017-08-11  22:26:36,1
2017-08-11  22:27:37,1
2017-08-11  22:28:37,2
2017-08-11  22:29:37,1
2017-08-11  22:30:37,2
2017-08-11  22:31:38,1
2017-08-11  22:32:38,1
2017-08-11  22:33:38,1
2017-08-11  22:34:39,0
2017-08-11  22:35:39,1
2017-08-11  22:36:39,0
2017-08-11  22:37:39,0
2017-08-11  22:38:40,0
2017-08-11  22:39:40,0
2017-08-11  22:40:40,0
2017-08-11  22:41:40,1
2017-08-11  22:42:41,0
2017-08-11  22:43:41,2
2017-08-11  22:44:41,2
2017-08-11  22:45:42,4
2017-08-11  22:46:42,2
2017-08-11  22:47:42,2
2017-08-11  22:48:43,2
2017-08-11  22:49:43,2
2017-08-11  22:50:43,0
2017-08-11  22:51:43,2
2017-08-11  22:52:44,2
2017-08-11  22:53:44,2
2017-08-11  22:54:44,3
2017-08-11  22:55:44,2
2017-08-11  22:56:45,0
2017-08-11  22:57:45,1
2017-08-11  22:58:45,1
2017-08-11  22:59:45,1
2017-08-11  23:00:46,2
2017-08-11  23:01:46,1
2017-08-11  23:02:46,1
2017-08-11  23:03:47,0
2017-08-11  23:04:47,0
2017-08-11  23:05:47,0
2017-08-11  23:06:47,1
2017-08-11  23:07:48,3
2017-08-11  23:08:48,2
2017-08-11  23:09:48,0
2017-08-11  23:10:49,1
2017-08-11  23:11:49,1
2017-08-11  23:12:49,0
2017-08-11  23:13:50,1
2017-08-11  23:14:50,1
2017-08-11  23:15:50,3
2017-08-11  23:16:50,0
2017-08-11  23:17:51,1
2017-08-11  23:18:51,0
2017-08-11  23:19:51,0
2017-08-11  23:20:52,1
2017-08-11  23:21:52,1
2017-08-11  23:22:52,0
2017-08-11  23:23:52,0
2017-08-11  23:24:53,0
2017-08-11  23:25:53,0
2017-08-11  23:26:53,0
2017-08-11  23:27:54,1
2017-08-11  23:28:54,1
2017-08-11  23:29:54,3
2017-08-11  23:30:55,3
2017-08-11  23:31:55,3
2017-08-11  23:32:55,3
2017-08-11  23:33:55,2
2017-08-11  23:34:56,1
2017-08-11  23:35:56,2
2017-08-11  23:36:56,2
2017-08-11  23:37:57,3
2017-08-11  23:38:57,3
2017-08-11  23:39:57,1
2017-08-11  23:40:58,1
2017-08-11  23:41:58,2
2017-08-11  23:42:58,0
2017-08-11  23:43:58,1
2017-08-11  23:44:59,1
2017-08-11  23:45:59,0
2017-08-11  23:46:59,0
2017-08-11  23:48:00,0
2017-08-11  23:49:00,1
2017-08-11  23:50:00,1
2017-08-11  23:51:01,0
2017-08-11  23:52:01,0
2017-08-11  23:53:01,2
2017-08-11  23:54:01,1
2017-08-11  23:55:02,2
2017-08-11  23:56:02,0
2017-08-11  23:57:02,2
2017-08-11  23:58:03,1
2017-08-11  23:59:03,2
2017-08-12  0:00:03,1
2017-08-12  0:01:03,1
2017-08-12  0:02:04,2
2017-08-12  0:03:04,0
2017-08-12  0:04:04,1
2017-08-12  0:05:05,1
2017-08-12  0:06:05,0
2017-08-12  0:07:05,1
2017-08-12  0:08:05,1
2017-08-12  0:09:06,0
2017-08-12  0:10:06,0
2017-08-12  0:11:06,0
2017-08-12  0:12:07,0
2017-08-12  0:13:07,1
2017-08-12  0:14:07,1
2017-08-12  0:15:07,0
2017-08-12  0:16:08,1
2017-08-12  0:17:08,0
2017-08-12  0:18:08,2
2017-08-12  0:19:08,3
2017-08-12  0:20:09,3
2017-08-12  0:21:09,2
2017-08-12  0:22:09,4
2017-08-12  0:23:10,3
2017-08-12  0:24:10,1
2017-08-12  0:25:10,4
2017-08-12  0:26:11,1
2017-08-12  0:27:11,2
2017-08-12  0:28:11,1
2017-08-12  0:29:11,2
2017-08-12  0:30:12,0
2017-08-12  0:31:12,1
2017-08-12  0:32:12,0
2017-08-12  0:33:13,0
2017-08-12  0:34:13,1
2017-08-12  0:35:13,1
2017-08-12  0:36:13,0
2017-08-12  0:37:14,0
2017-08-12  0:38:14,0
2017-08-12  0:39:14,0
2017-08-12  0:40:15,2
2017-08-12  0:41:15,2
2017-08-12  0:42:15,0
2017-08-12  0:43:15,1
2017-08-12  0:44:16,2
2017-08-12  0:45:16,1
2017-08-12  0:46:16,1
2017-08-12  0:47:17,0
2017-08-12  0:48:17,3
2017-08-12  0:49:17,0
2017-08-12  0:50:17,1
2017-08-12  0:51:18,0
2017-08-12  0:52:18,0
2017-08-12  0:53:18,1
2017-08-12  0:54:19,1
2017-08-12  0:55:19,0
2017-08-12  0:56:19,0
2017-08-12  0:57:20,0
2017-08-12  0:58:20,0
2017-08-12  0:59:20,1
2017-08-12  1:00:20,0
2017-08-12  1:01:21,0
2017-08-12  1:02:21,1
2017-08-12  1:03:21,3
2017-08-12  1:04:22,3
2017-08-12  1:05:22,1
2017-08-12  1:06:22,4
2017-08-12  1:07:22,1
2017-08-12  1:08:23,4
2017-08-12  1:09:23,0
2017-08-12  1:10:23,3
2017-08-12  1:11:23,3
2017-08-12  1:12:24,2
2017-08-12  1:13:24,1
2017-08-12  1:14:24,3
2017-08-12  1:15:25,3
2017-08-12  1:16:25,1
2017-08-12  1:17:25,1
2017-08-12  1:18:25,0
2017-08-12  1:19:26,1
2017-08-12  1:20:26,1
2017-08-12  1:21:26,2
2017-08-12  1:22:26,1
2017-08-12  1:23:27,0
2017-08-12  1:24:27,0
2017-08-12  1:25:27,0
2017-08-12  1:26:27,1
2017-08-12  1:27:28,3
2017-08-12  1:28:28,0
2017-08-12  1:29:28,0
2017-08-12  1:30:29,2
2017-08-12  1:31:29,3
2017-08-12  1:32:29,1
2017-08-12  1:33:30,1
2017-08-12  1:34:30,2
2017-08-12  1:35:30,3
2017-08-12  1:36:31,1
2017-08-12  1:37:31,0
2017-08-12  1:38:31,0
2017-08-12  1:39:31,1
2017-08-12  1:40:32,1
2017-08-12  1:41:32,1
2017-08-12  1:42:32,0
2017-08-12  1:43:33,0
2017-08-12  1:44:33,1
2017-08-12  1:45:33,1
2017-08-12  1:46:33,0
2017-08-12  1:47:34,0
2017-08-12  1:48:34,1
2017-08-12  1:49:34,1
2017-08-12  1:50:35,3
2017-08-12  1:51:35,2
2017-08-12  1:52:35,3
2017-08-12  1:53:36,3
2017-08-12  1:54:36,5
2017-08-12  1:55:36,2
2017-08-12  1:56:36,2
2017-08-12  1:57:37,3
2017-08-12  1:58:37,2
2017-08-12  1:59:37,1
2017-08-12  2:00:37,0
2017-08-12  2:01:38,2
2017-08-12  2:02:38,1
2017-08-12  2:03:38,1
2017-08-12  2:04:39,0
2017-08-12  2:05:39,0
2017-08-12  2:06:39,1
2017-08-12  2:07:40,0
2017-08-12  2:08:40,1
2017-08-12  2:09:40,0
2017-08-12  2:10:40,0
2017-08-12  2:11:41,0
2017-08-12  2:12:41,1
2017-08-12  2:13:41,3
2017-08-12  2:14:41,1
2017-08-12  2:15:42,0
2017-08-12  2:16:42,1
2017-08-12  2:17:42,2
2017-08-12  2:18:42,1
2017-08-12  2:19:43,0
2017-08-12  2:20:43,1
2017-08-12  2:21:43,3
2017-08-12  2:22:43,0
2017-08-12  2:23:44,0
2017-08-12  2:24:44,0
2017-08-12  2:25:44,1
2017-08-12  2:26:45,0
2017-08-12  2:27:45,1
2017-08-12  2:28:45,0
2017-08-12  2:29:45,1
2017-08-12  2:30:46,1
2017-08-12  2:31:46,3
2017-08-12  2:32:46,1
2017-08-12  2:33:47,1
2017-08-12  2:34:47,2
2017-08-12  2:35:47,2
2017-08-12  2:36:47,3
2017-08-12  2:37:48,3
2017-08-12  2:38:48,2
2017-08-12  2:39:48,3
2017-08-12  2:40:48,3
2017-08-12  2:41:49,5
2017-08-12  2:42:49,3
2017-08-12  2:43:49,5
2017-08-12  2:44:50,2
2017-08-12  2:45:50,2
2017-08-12  2:46:50,2
2017-08-12  2:47:51,3
2017-08-12  2:48:51,4
2017-08-12  2:49:51,1
2017-08-12  2:50:51,1
2017-08-12  2:51:52,2
2017-08-12  2:52:52,3
2017-08-12  2:53:52,2
2017-08-12  2:54:52,0
2017-08-12  2:55:53,1
2017-08-12  2:56:53,0
2017-08-12  2:57:53,0
2017-08-12  2:58:54,0
2017-08-12  2:59:54,5
2017-08-12  3:00:54,3
2017-08-12  3:01:54,1
2017-08-12  3:02:55,1
2017-08-12  3:03:55,2
2017-08-12  3:04:55,2
2017-08-12  3:05:56,2
2017-08-12  3:06:56,4
2017-08-12  3:07:56,4
2017-08-12  3:08:56,1
2017-08-12  3:09:57,1
2017-08-12  3:10:57,3
2017-08-12  3:11:57,2
2017-08-12  3:12:57,1
2017-08-12  3:13:58,1
2017-08-12  3:14:58,2
2017-08-12  3:15:58,2
2017-08-12  3:16:59,2
2017-08-12  3:17:59,2
2017-08-12  3:18:59,1
2017-08-12  3:19:59,1
2017-08-12  3:21:00,2
2017-08-12  3:22:00,4
2017-08-12  3:23:00,3
2017-08-12  3:24:00,2
2017-08-12  3:25:01,0
2017-08-12  3:26:01,2
2017-08-12  3:27:01,0
2017-08-12  3:28:01,3
2017-08-12  3:29:02,4
2017-08-12  3:30:02,3
2017-08-12  3:31:02,4
2017-08-12  3:32:02,1
2017-08-12  3:33:03,0
2017-08-12  3:34:03,1
2017-08-12  3:35:03,3
2017-08-12  3:36:03,0
2017-08-12  3:37:04,1
2017-08-12  3:38:04,0
2017-08-12  3:39:04,2
2017-08-12  3:40:05,1
2017-08-12  3:41:05,0
2017-08-12  3:42:05,0
2017-08-12  3:43:05,1
2017-08-12  3:44:06,0
2017-08-12  3:45:06,1
2017-08-12  3:46:06,2
2017-08-12  3:47:07,2
2017-08-12  3:48:07,0
2017-08-12  3:49:07,0
2017-08-12  3:50:07,1
2017-08-12  3:51:08,1
2017-08-12  3:52:08,2
2017-08-12  3:53:08,2
2017-08-12  3:54:08,3
2017-08-12  3:55:09,0
2017-08-12  3:56:09,0
2017-08-12  3:57:09,0
2017-08-12  3:58:10,1
2017-08-12  3:59:10,1
2017-08-12  4:00:10,0
2017-08-12  4:01:10,2
2017-08-12  4:02:11,1
2017-08-12  4:03:11,1
2017-08-12  4:04:11,0
2017-08-12  4:05:12,0
2017-08-12  4:06:12,0
2017-08-12  4:07:12,1
2017-08-12  4:08:12,1
2017-08-12  4:09:13,2
2017-08-12  4:10:13,3
2017-08-12  4:11:13,1
2017-08-12  4:12:14,1
2017-08-12  4:13:14,0
2017-08-12  4:14:14,3
2017-08-12  4:15:14,3
2017-08-12  4:16:15,3
2017-08-12  4:17:15,2
2017-08-12  4:18:15,1
2017-08-12  4:19:15,0
2017-08-12  4:20:16,1
2017-08-12  4:21:16,2
2017-08-12  4:22:16,0
2017-08-12  4:23:17,0
2017-08-12  4:24:17,1
2017-08-12  4:25:17,0
2017-08-12  4:26:17,0
2017-08-12  4:27:18,0
2017-08-12  4:28:18,1
2017-08-12  4:29:18,1
2017-08-12  4:30:18,1
2017-08-12  4:31:19,0
2017-08-12  4:32:19,1
2017-08-12  4:33:19,3
2017-08-12  4:34:20,1
2017-08-12  4:35:20,0
2017-08-12  4:36:20,0
2017-08-12  4:37:20,1
2017-08-12  4:38:21,2
2017-08-12  4:39:21,2
2017-08-12  4:40:21,1
2017-08-12  4:41:21,0
2017-08-12  4:42:22,0
2017-08-12  4:43:22,1
2017-08-12  4:44:22,1
2017-08-12  4:45:23,1
2017-08-12  4:46:23,1
2017-08-12  4:47:23,1
2017-08-12  4:48:23,2
2017-08-12  4:49:24,0
2017-08-12  4:50:24,0
2017-08-12  4:51:24,0
2017-08-12  4:52:24,0
2017-08-12  4:53:25,1
2017-08-12  4:54:25,0
2017-08-12  4:55:25,3
2017-08-12  4:56:26,3
2017-08-12  4:57:26,2
2017-08-12  4:58:26,2
2017-08-12  4:59:26,0
2017-08-12  5:00:27,3
2017-08-12  5:01:27,3
2017-08-12  5:02:27,2
2017-08-12  5:03:28,4
2017-08-12  5:04:28,1
2017-08-12  5:05:28,1
2017-08-12  5:06:28,1
2017-08-12  5:07:29,2
2017-08-12  5:08:29,1
2017-08-12  5:09:29,0
2017-08-12  5:10:30,1
2017-08-12  5:11:30,0
2017-08-12  5:12:30,0
2017-08-12  5:13:30,2
2017-08-12  5:14:31,2
2017-08-12  5:15:31,0
2017-08-12  5:16:31,0
2017-08-12  5:17:31,1
2017-08-12  5:18:32,1
2017-08-12  5:19:32,2
2017-08-12  5:20:32,1
2017-08-12  5:21:33,1
2017-08-12  5:22:33,0
2017-08-12  5:23:33,3
2017-08-12  5:24:33,4
2017-08-12  5:25:34,3
2017-08-12  5:26:34,2
2017-08-12  5:27:34,1
2017-08-12  5:28:35,0
2017-08-12  5:29:35,1
2017-08-12  5:30:35,1
2017-08-12  5:31:35,0
2017-08-12  5:32:36,0
2017-08-12  5:33:36,0
2017-08-12  5:34:36,2
2017-08-12  5:35:37,0
2017-08-12  5:36:37,0
2017-08-12  5:37:37,0
2017-08-12  5:38:37,2
2017-08-12  5:39:38,0
2017-08-12  5:40:38,1
2017-08-12  5:41:38,3
2017-08-12  5:42:39,3
2017-08-12  5:43:39,2
2017-08-12  5:44:39,1
2017-08-12  5:45:40,2
2017-08-12  5:46:40,1
2017-08-12  5:47:40,1
2017-08-12  5:48:40,1
2017-08-12  5:49:41,2
2017-08-12  5:50:41,2
2017-08-12  5:51:41,2
2017-08-12  5:52:42,2
2017-08-12  5:53:42,1
2017-08-12  5:54:42,1
2017-08-12  5:55:42,1
2017-08-12  5:56:43,1
2017-08-12  5:57:43,0
2017-08-12  5:58:43,0
2017-08-12  5:59:43,0
2017-08-12  6:00:44,0
2017-08-12  6:01:44,0
2017-08-12  6:02:44,0
2017-08-12  6:03:44,0
2017-08-12  6:04:45,0
2017-08-12  6:05:45,1
2017-08-12  6:06:45,2
2017-08-12  6:07:46,1
2017-08-12  6:08:46,1
2017-08-12  6:09:46,2
2017-08-12  6:10:46,2
2017-08-12  6:11:47,2
2017-08-12  6:12:47,0
2017-08-12  6:13:47,0
2017-08-12  6:14:47,2
2017-08-12  6:15:48,1
2017-08-12  6:16:48,0
2017-08-12  6:17:48,0
2017-08-12  6:18:49,0
2017-08-12  6:19:49,1
2017-08-12  6:20:49,1
2017-08-12  6:21:49,0
2017-08-12  6:22:50,0
2017-08-12  6:23:50,1
2017-08-12  6:24:50,2
2017-08-12  6:25:50,0
2017-08-12  6:26:51,0
2017-08-12  6:27:51,2
2017-08-12  6:28:51,0
2017-08-12  6:29:51,2
2017-08-12  6:30:52,1
2017-08-12  6:31:52,1
2017-08-12  6:32:52,1
2017-08-12  6:33:53,1
2017-08-12  6:34:53,2
2017-08-12  6:35:53,1
2017-08-12  6:36:53,1
2017-08-12  6:37:54,2
2017-08-12  6:38:54,3
2017-08-12  6:39:54,1
2017-08-12  6:40:55,1
2017-08-12  6:41:55,1
2017-08-12  6:42:55,1
2017-08-12  6:43:55,0
2017-08-12  6:44:56,0
2017-08-12  6:45:56,0
2017-08-12  6:46:56,1
2017-08-12  6:47:56,0
2017-08-12  6:48:57,0
2017-08-12  6:49:57,0
2017-08-12  6:50:57,0
2017-08-12  6:51:57,0
2017-08-12  6:52:58,1
2017-08-12  6:53:58,2
2017-08-12  6:54:58,1
2017-08-12  6:55:59,3
2017-08-12  6:56:59,2
2017-08-12  6:57:59,2
2017-08-12  6:58:59,4
2017-08-12  7:00:00,1
2017-08-12  7:01:00,1
2017-08-12  7:02:00,2
2017-08-12  7:03:00,1
2017-08-12  7:04:01,1
2017-08-12  7:05:01,1
2017-08-12  7:06:01,2
2017-08-12  7:07:02,1
2017-08-12  7:08:02,2
2017-08-12  7:09:02,1
2017-08-12  7:10:02,2
2017-08-12  7:11:03,2
2017-08-12  7:12:03,1
2017-08-12  7:13:03,2
2017-08-12  7:14:03,1
2017-08-12  7:15:04,3
2017-08-12  7:16:04,1
2017-08-12  7:17:04,2
2017-08-12  7:18:05,2
2017-08-12  7:19:05,3
2017-08-12  7:20:05,2
2017-08-12  7:21:05,0
2017-08-12  7:22:06,2
2017-08-12  7:23:06,1
2017-08-12  7:24:06,1
2017-08-12  7:25:06,2
2017-08-12  7:26:07,3
2017-08-12  7:27:07,3
2017-08-12  7:28:07,2
2017-08-12  7:29:07,0
2017-08-12  7:30:08,0
2017-08-12  7:31:08,0
2017-08-12  7:32:08,0
2017-08-12  7:33:09,1
2017-08-12  7:34:09,0
2017-08-12  7:35:09,0
2017-08-12  7:36:09,0
2017-08-12  7:37:10,0
2017-08-12  7:38:10,2
2017-08-12  7:39:10,0
2017-08-12  7:40:11,0
2017-08-12  7:41:11,2
2017-08-12  7:42:11,3
2017-08-12  7:43:11,2
2017-08-12  7:44:12,1
2017-08-12  7:45:12,2
2017-08-12  7:46:12,1
2017-08-12  7:47:12,0
2017-08-12  7:48:13,2
2017-08-12  7:49:13,1
2017-08-12  7:50:13,1
2017-08-12  7:51:13,2
2017-08-12  7:52:14,1
2017-08-12  7:53:14,0
2017-08-12  7:54:14,1
2017-08-12  7:55:15,1
2017-08-12  7:56:15,2
2017-08-12  7:57:15,1
2017-08-12  7:58:15,0
2017-08-12  7:59:16,2
2017-08-12  8:00:16,2
2017-08-12  8:01:16,2
2017-08-12  8:02:16,1
2017-08-12  8:03:17,1
2017-08-12  8:04:17,1
2017-08-12  8:05:17,2
2017-08-12  8:06:18,1
2017-08-12  8:07:18,1
2017-08-12  8:08:18,2
2017-08-12  8:09:18,1
2017-08-12  8:10:19,1
2017-08-12  8:11:19,4
2017-08-12  8:12:19,4
2017-08-12  8:13:20,3
2017-08-12  8:14:20,3
2017-08-12  8:15:20,2
2017-08-12  8:16:20,1
2017-08-12  8:17:21,1
2017-08-12  8:18:21,2
2017-08-12  8:19:21,1
2017-08-12  8:20:22,1
2017-08-12  8:21:22,1
2017-08-12  8:22:22,1
2017-08-12  8:23:22,1
2017-08-12  8:24:23,2
2017-08-12  8:25:23,2
2017-08-12  8:26:23,1
2017-08-12  8:27:23,2
2017-08-12  8:28:24,5
2017-08-12  8:29:24,3
2017-08-12  8:30:24,4
2017-08-12  8:31:24,0
2017-08-12  8:32:25,2
2017-08-12  8:33:25,0
2017-08-12  8:34:25,1
2017-08-12  8:35:26,2
2017-08-12  8:36:26,3
2017-08-12  8:37:26,2
2017-08-12  8:38:26,0
2017-08-12  8:39:27,0
2017-08-12  8:40:27,1
2017-08-12  8:41:27,1
2017-08-12  8:42:27,0
2017-08-12  8:43:28,0
2017-08-12  8:44:28,1
2017-08-12  8:45:28,1
2017-08-12  8:46:28,1
2017-08-12  8:47:29,1
2017-08-12  8:48:29,1
2017-08-12  8:49:29,0
2017-08-12  8:50:30,1
2017-08-12  8:51:30,1
2017-08-12  8:52:30,1
2017-08-12  8:53:30,1
2017-08-12  8:54:31,2
2017-08-12  8:55:31,0
2017-08-12  8:56:31,0
2017-08-12  8:57:31,2
2017-08-12  8:58:32,2
2017-08-12  8:59:32,4
2017-08-12  9:00:32,1
2017-08-12  9:01:33,1
2017-08-12  9:02:33,0
2017-08-12  9:03:33,0
2017-08-12  9:04:33,1
2017-08-12  9:05:34,0
2017-08-12  9:06:34,0
2017-08-12  9:07:34,0
2017-08-12  9:08:35,0
2017-08-12  9:09:35,0
2017-08-12  9:10:35,3
2017-08-12  9:11:36,2
2017-08-12  9:12:36,0
2017-08-12  9:13:36,1
2017-08-12  9:14:36,2
2017-08-12  9:15:37,1
2017-08-12  9:16:37,3
2017-08-12  9:17:37,5
2017-08-12  9:18:37,2
2017-08-12  9:19:38,1
2017-08-12  9:20:38,0
2017-08-12  9:21:38,3
2017-08-12  9:22:39,1
2017-08-12  9:23:39,1
2017-08-12  9:24:39,0
2017-08-12  9:25:39,1
2017-08-12  9:26:40,0
2017-08-12  9:27:40,0
2017-08-12  9:28:40,2
2017-08-12  9:29:40,1
2017-08-12  9:30:41,0
2017-08-12  9:31:41,0
2017-08-12  9:32:41,2
2017-08-12  9:33:41,0
2017-08-12  9:34:42,1
2017-08-12  9:35:42,1
2017-08-12  9:36:42,0
2017-08-12  9:37:43,2
2017-08-12  9:38:43,0
2017-08-12  9:39:43,1
2017-08-12  9:40:43,2
2017-08-12  9:41:44,0
2017-08-12  9:42:44,0
2017-08-12  9:43:44,0
2017-08-12  9:44:45,1
2017-08-12  9:45:45,0
2017-08-12  9:46:45,1
2017-08-12  9:47:45,2
2017-08-12  9:48:46,4
2017-08-12  9:49:46,0
2017-08-12  9:50:46,1
2017-08-12  9:51:46,1
2017-08-12  9:52:47,1
2017-08-12  9:53:47,1
2017-08-12  9:54:47,1
2017-08-12  9:55:47,1
2017-08-12  9:56:48,1
2017-08-12  9:57:48,2
2017-08-12  9:58:48,2
2017-08-12  9:59:49,1
2017-08-12  10:00:49,4
2017-08-12  10:01:49,3
2017-08-12  10:02:49,5
2017-08-12  10:03:50,5
2017-08-12  10:04:50,3
2017-08-12  10:05:50,2
2017-08-12  10:06:50,2
2017-08-12  10:07:51,4
2017-08-12  10:08:51,3
2017-08-12  10:09:51,2
2017-08-12  10:10:51,2
2017-08-12  10:11:52,2
2017-08-12  10:12:52,2
2017-08-12  10:13:52,2
2017-08-12  10:14:52,2
2017-08-12  10:15:53,1
2017-08-12  10:16:53,1
2017-08-12  10:17:53,3
2017-08-12  10:18:54,4
2017-08-12  10:19:54,3
2017-08-12  10:20:54,4
2017-08-12  10:21:54,3
2017-08-12  10:22:55,3
2017-08-12  10:23:55,3
2017-08-12  10:24:55,3
2017-08-12  10:25:56,3
2017-08-12  10:26:56,4
2017-08-12  10:27:56,3
2017-08-12  10:28:56,2
2017-08-12  10:29:57,2
2017-08-12  10:30:57,2
2017-08-12  10:31:57,3
2017-08-12  10:32:58,3
2017-08-12  10:33:58,5
2017-08-12  10:34:58,3
2017-08-12  10:35:59,5
2017-08-12  10:36:59,4
2017-08-12  10:37:59,2
2017-08-12  10:38:59,2
2017-08-12  10:40:00,2
2017-08-12  10:41:00,1
2017-08-12  10:42:00,1
2017-08-12  10:43:01,1
2017-08-12  10:44:01,3
2017-08-12  10:45:01,2
2017-08-12  10:46:01,2
2017-08-12  10:47:02,1
2017-08-12  10:48:02,2
2017-08-12  10:49:02,2
2017-08-12  10:50:02,1
2017-08-12  10:51:03,2
2017-08-12  10:52:03,1
2017-08-12  10:53:03,0
2017-08-12  10:54:03,2
2017-08-12  10:55:04,3
2017-08-12  10:56:04,2
2017-08-12  10:57:04,0
2017-08-12  10:58:05,2
2017-08-12  10:59:05,2
2017-08-12  11:00:05,3
2017-08-12  11:01:05,3
2017-08-12  11:02:06,1
2017-08-12  11:03:06,2
2017-08-12  11:04:06,2
2017-08-12  11:05:06,2
2017-08-12  11:06:07,1
2017-08-12  11:07:07,3
2017-08-12  11:08:07,2
2017-08-12  11:09:08,1
2017-08-12  11:10:08,0
2017-08-12  11:11:08,1
2017-08-12  11:12:08,1
2017-08-12  11:13:09,0
2017-08-12  11:14:09,1
2017-08-12  11:15:09,1
2017-08-12  11:16:09,0
2017-08-12  11:17:10,0
2017-08-12  11:18:10,1
2017-08-12  11:19:10,1
2017-08-12  11:20:11,2
2017-08-12  11:21:11,3
2017-08-12  11:22:11,1
2017-08-12  11:23:11,3
2017-08-12  11:24:12,1
2017-08-12  11:25:12,0
2017-08-12  11:26:12,0
2017-08-12  11:27:13,0
2017-08-12  11:28:13,0
2017-08-12  11:29:13,0
2017-08-12  11:30:13,2
2017-08-12  11:31:14,1
2017-08-12  11:32:14,1
2017-08-12  11:33:14,0
2017-08-12  11:34:14,1
2017-08-12  11:35:15,3
2017-08-12  11:36:15,1
2017-08-12  11:37:15,1
2017-08-12  11:38:15,2
2017-08-12  11:39:16,1
2017-08-12  11:40:16,2
2017-08-12  11:41:16,2
2017-08-12  11:42:16,3
2017-08-12  11:43:17,0
2017-08-12  11:44:17,2
2017-08-12  11:45:17,2
2017-08-12  11:46:18,2
2017-08-12  11:47:18,2
2017-08-12  11:48:18,2
2017-08-12  11:49:18,2
2017-08-12  11:50:19,3
2017-08-12  11:51:19,1
2017-08-12  11:52:19,1
2017-08-12  11:53:19,1
2017-08-12  11:54:20,1
2017-08-12  11:55:20,2
2017-08-12  11:56:20,1
2017-08-12  11:57:21,2
2017-08-12  11:58:21,1
2017-08-12  11:59:21,1
2017-08-12  12:00:21,1
2017-08-12  12:01:22,1
2017-08-12  12:02:22,2
2017-08-12  12:03:22,1
2017-08-12  12:04:22,2
2017-08-12  12:05:23,2
2017-08-12  12:06:23,3
2017-08-12  12:07:23,3
2017-08-12  12:08:24,3
2017-08-12  12:09:24,2
2017-08-12  12:10:24,3
2017-08-12  12:11:24,2
2017-08-12  12:12:25,1
2017-08-12  12:13:25,2
2017-08-12  12:14:25,1
2017-08-12  12:15:26,2
2017-08-12  12:16:26,2
2017-08-12  12:17:26,2
2017-08-12  12:18:26,2
2017-08-12  12:19:27,1
2017-08-12  12:20:27,2
2017-08-12  12:21:27,5
2017-08-12  12:22:27,2
2017-08-12  12:23:28,3
2017-08-12  12:24:28,3
2017-08-12  12:25:28,3
2017-08-12  12:26:28,3
2017-08-12  12:27:29,3
2017-08-12  12:28:29,4
2017-08-12  12:29:29,3
2017-08-12  12:30:29,2
2017-08-12  12:31:30,2
2017-08-12  12:32:30,2
2017-08-12  12:33:30,5
2017-08-12  12:34:30,1
2017-08-12  12:35:31,2
2017-08-12  12:36:31,2
2017-08-12  12:37:31,3
2017-08-12  12:38:32,2
2017-08-12  12:39:32,1
2017-08-12  12:40:32,1
2017-08-12  12:41:32,1
2017-08-12  12:42:33,0
2017-08-12  12:43:33,1
2017-08-12  12:44:33,0
2017-08-12  12:45:34,0
2017-08-12  12:46:34,0
2017-08-12  12:47:34,0
2017-08-12  12:48:34,0
2017-08-12  12:49:35,2
2017-08-12  12:50:35,0
2017-08-12  12:51:35,1
2017-08-12  12:52:35,2
2017-08-12  12:53:36,2
2017-08-12  12:54:36,0
2017-08-12  12:55:36,1
2017-08-12  12:56:36,2
2017-08-12  12:57:37,4
2017-08-12  12:58:37,3
2017-08-12  12:59:37,1
2017-08-12  13:00:38,2
2017-08-12  13:01:38,1
2017-08-12  13:02:38,2
2017-08-12  13:03:38,3
2017-08-12  13:04:39,2
2017-08-12  13:05:39,1
2017-08-12  13:06:39,3
2017-08-12  13:07:40,2
2017-08-12  13:08:40,2
2017-08-12  13:09:40,1
2017-08-12  13:10:40,2
2017-08-12  13:11:41,1
2017-08-12  13:12:41,3
2017-08-12  13:13:41,5
2017-08-12  13:14:41,5
2017-08-12  13:15:42,5
2017-08-12  13:16:42,6
2017-08-12  13:17:42,2
2017-08-12  13:18:43,4
2017-08-12  13:19:43,2
2017-08-12  13:20:43,4
2017-08-12  13:21:43,3
2017-08-12  13:22:44,2
2017-08-12  13:23:44,4
2017-08-12  13:24:44,2
2017-08-12  13:25:44,2
2017-08-12  13:26:45,4
2017-08-12  13:27:45,2
2017-08-12  13:28:45,3
2017-08-12  13:29:46,2
2017-08-12  13:30:46,2
2017-08-12  13:31:46,1
2017-08-12  13:32:46,2
2017-08-12  13:33:47,1
2017-08-12  13:34:47,1
2017-08-12  13:35:47,1
2017-08-12  13:36:48,4
2017-08-12  13:37:48,3
2017-08-12  13:38:48,2
2017-08-12  13:39:48,1
2017-08-12  13:40:49,0
2017-08-12  13:41:49,0
2017-08-12  13:42:49,2
2017-08-12  13:43:49,2
2017-08-12  13:44:50,2
2017-08-12  13:45:50,0
2017-08-12  13:46:50,1
2017-08-12  13:47:51,1
2017-08-12  13:48:51,1
2017-08-12  13:49:51,2
2017-08-12  13:50:51,1
2017-08-12  13:51:52,1
2017-08-12  13:52:52,3
2017-08-12  13:53:52,1
2017-08-12  13:54:52,3
2017-08-12  13:55:53,4
2017-08-12  13:56:53,3
2017-08-12  13:57:53,2
2017-08-12  13:58:54,3
2017-08-12  13:59:54,2
2017-08-12  14:00:54,1
2017-08-12  14:01:54,2
2017-08-12  14:02:55,0
2017-08-12  14:03:55,2
2017-08-12  14:04:55,2
2017-08-12  14:05:55,1
2017-08-12  14:06:56,0
2017-08-12  14:07:56,0
2017-08-12  14:08:56,0
2017-08-12  14:09:57,1
2017-08-12  14:10:57,2
2017-08-12  14:11:57,0
2017-08-12  14:12:57,0
2017-08-12  14:13:58,3
2017-08-12  14:14:58,3
2017-08-12  14:15:58,3
2017-08-12  14:16:59,1
2017-08-12  14:17:59,2
2017-08-12  14:18:59,3
2017-08-12  14:19:59,1
2017-08-12  14:21:00,3
2017-08-12  14:22:00,3
2017-08-12  14:23:00,3
2017-08-12  14:24:01,2
2017-08-12  14:25:01,0
2017-08-12  14:26:01,0
2017-08-12  14:27:01,1
2017-08-12  14:28:02,2
2017-08-12  14:29:02,0
2017-08-12  14:30:02,1
2017-08-12  14:31:03,1
2017-08-12  14:32:03,1
2017-08-12  14:33:03,1
2017-08-12  14:34:03,0
2017-08-12  14:35:04,2
2017-08-12  14:36:04,1
2017-08-12  14:37:04,3
2017-08-12  14:38:04,0
2017-08-12  14:39:05,0
2017-08-12  14:40:05,2
2017-08-12  14:41:05,1
2017-08-12  14:42:06,0
2017-08-12  14:43:06,0
2017-08-12  14:44:06,1
2017-08-12  14:45:06,2
2017-08-12  14:46:07,0
2017-08-12  14:47:07,0
2017-08-12  14:48:07,2
2017-08-12  14:49:07,2
2017-08-12  14:50:08,2
2017-08-12  14:51:08,1
2017-08-12  14:52:08,0
2017-08-12  14:53:09,0
2017-08-12  14:54:09,0
2017-08-12  14:55:09,0
2017-08-12  14:56:09,1
2017-08-12  14:57:10,1
2017-08-12  14:58:10,2
2017-08-12  14:59:10,1
2017-08-12  15:00:11,4
2017-08-12  15:01:11,1
2017-08-12  15:02:11,2
2017-08-12  15:03:11,1
2017-08-12  15:04:12,3
2017-08-12  15:05:12,2
2017-08-12  15:06:12,2
2017-08-12  15:07:12,3
2017-08-12  15:08:13,2
2017-08-12  15:09:13,2
2017-08-12  15:10:13,0
2017-08-12  15:11:14,1
2017-08-12  15:12:14,0
2017-08-12  15:13:14,2
2017-08-12  15:14:14,2
2017-08-12  15:15:15,1
2017-08-12  15:16:15,1
2017-08-12  15:17:15,0
2017-08-12  15:18:15,0
2017-08-12  15:19:16,1
2017-08-12  15:20:16,0
2017-08-12  15:21:16,1
2017-08-12  15:22:16,2
2017-08-12  15:23:17,3
2017-08-12  15:24:17,1
2017-08-12  15:25:17,0
2017-08-12  15:26:18,1
2017-08-12  15:27:18,1
2017-08-12  15:28:18,0
2017-08-12  15:29:18,1
2017-08-12  15:30:19,1
2017-08-12  15:31:19,1
2017-08-12  15:32:19,0
2017-08-12  15:33:20,0
2017-08-12  15:34:20,1
2017-08-12  15:35:20,1
2017-08-12  15:36:20,1
2017-08-12  15:37:21,1
2017-08-12  15:38:21,0
2017-08-12  15:39:21,0
2017-08-12  15:40:21,0
2017-08-12  15:41:22,0
2017-08-12  15:42:22,1
2017-08-12  15:43:22,1
2017-08-12  15:44:23,2
2017-08-12  15:45:23,1
2017-08-12  15:46:23,2
2017-08-12  15:47:24,2
2017-08-12  15:48:24,4
2017-08-12  15:49:24,1
2017-08-12  15:50:24,3
2017-08-12  15:51:25,1
2017-08-12  15:52:25,2
2017-08-12  15:53:25,2
2017-08-12  15:54:26,0
2017-08-12  15:55:26,1
2017-08-12  15:56:26,4
2017-08-12  15:57:26,3
2017-08-12  15:58:27,0
2017-08-12  15:59:27,1
2017-08-12  16:00:27,1
2017-08-12  16:01:28,0
2017-08-12  16:02:28,1
2017-08-12  16:03:28,0
2017-08-12  16:04:29,0
2017-08-12  16:05:29,1
2017-08-12  16:06:29,0
2017-08-12  16:07:29,1
2017-08-12  16:08:30,5
2017-08-12  16:09:30,1
2017-08-12  16:10:30,2
2017-08-12  16:11:31,1
2017-08-12  16:12:31,3
2017-08-12  16:13:31,3
2017-08-12  16:14:31,1
2017-08-12  16:15:32,1
2017-08-12  16:16:32,2
2017-08-12  16:17:32,4
2017-08-12  16:18:33,3
2017-08-12  16:19:33,2
2017-08-12  16:20:33,1
2017-08-12  16:21:33,1
2017-08-12  16:22:34,0
2017-08-12  16:23:34,0
2017-08-12  16:24:34,1
2017-08-12  16:25:34,3
2017-08-12  16:26:35,3
2017-08-12  16:27:35,2
2017-08-12  16:28:35,2
2017-08-12  16:29:36,1
2017-08-12  16:30:36,1
2017-08-12  16:31:36,1
2017-08-12  16:32:36,1
2017-08-12  16:33:37,0
2017-08-12  16:34:37,1
2017-08-12  16:35:37,2
2017-08-12  16:36:38,2
2017-08-12  16:37:38,2
2017-08-12  16:38:38,1
2017-08-12  16:39:38,1
2017-08-12  16:40:39,1
2017-08-12  16:41:39,2
2017-08-12  16:42:39,2
2017-08-12  16:43:40,2
2017-08-12  16:44:40,2
2017-08-12  16:45:40,2
2017-08-12  16:46:40,6
2017-08-12  16:47:41,2
2017-08-12  16:48:41,2
2017-08-12  16:49:41,2
2017-08-12  16:50:41,3
2017-08-12  16:51:42,3
2017-08-12  16:52:42,5
2017-08-12  16:53:42,5
2017-08-12  16:54:43,8
2017-08-12  16:55:43,5
2017-08-12  16:56:43,1
2017-08-12  16:57:43,1
2017-08-12  16:58:44,2
2017-08-12  16:59:44,1
2017-08-12  17:00:44,2
2017-08-12  17:01:44,1
2017-08-12  17:02:45,1
2017-08-12  17:03:45,2
2017-08-12  17:04:45,3
2017-08-12  17:05:46,2
2017-08-12  17:06:46,0
2017-08-12  17:07:46,1
2017-08-12  17:08:46,2
2017-08-12  17:09:47,3
2017-08-12  17:10:47,6
2017-08-12  17:11:47,2
2017-08-12  17:12:47,3
2017-08-12  17:13:48,0
2017-08-12  17:14:48,2
2017-08-12  17:15:48,1
2017-08-12  17:16:48,0
2017-08-12  17:17:49,1
2017-08-12  17:18:49,0
2017-08-12  17:19:49,0
2017-08-12  17:20:50,1
2017-08-12  17:21:50,2
2017-08-12  17:22:50,1
2017-08-12  17:23:50,0
2017-08-12  17:24:51,1
2017-08-12  17:25:51,0
2017-08-12  17:26:51,0
2017-08-12  17:27:51,0
2017-08-12  17:28:52,0
2017-08-12  17:29:52,0
2017-08-12  17:30:52,0
2017-08-12  17:31:53,0
2017-08-12  17:32:53,5
2017-08-12  17:33:53,2
2017-08-12  17:34:53,1
2017-08-12  17:35:54,0
2017-08-12  17:36:54,0
2017-08-12  17:37:54,1
2017-08-12  17:38:54,1
2017-08-12  17:39:55,0
2017-08-12  17:40:55,2
2017-08-12  17:41:55,1
2017-08-12  17:42:56,3
2017-08-12  17:43:56,0
2017-08-12  17:44:56,1
2017-08-12  17:45:56,1
2017-08-12  17:46:57,1
2017-08-12  17:47:57,1
2017-08-12  17:48:57,1
2017-08-12  17:49:58,3
2017-08-12  17:50:58,2
2017-08-12  17:51:58,0
2017-08-12  17:52:58,1
2017-08-12  17:53:59,1
2017-08-12  17:54:59,0
2017-08-12  17:55:59,2
2017-08-12  17:56:59,3
2017-08-12  17:58:00,5
2017-08-12  17:59:00,2
2017-08-12  18:00:00,1
2017-08-12  18:01:01,1
2017-08-12  18:02:01,2
2017-08-12  18:03:01,1
2017-08-12  18:04:01,1
2017-08-12  18:05:02,0
2017-08-12  18:06:02,2
2017-08-12  18:07:02,2
2017-08-12  18:08:02,2
2017-08-12  18:09:03,3
2017-08-12  18:10:03,1
2017-08-12  18:11:03,1
2017-08-12  18:12:04,1
2017-08-12  18:13:04,1
2017-08-12  18:14:04,1
2017-08-12  18:15:04,1
2017-08-12  18:16:05,1
2017-08-12  18:17:05,0
2017-08-12  18:18:05,3
2017-08-12  18:19:05,1
2017-08-12  18:20:06,1
2017-08-12  18:21:06,1
2017-08-12  18:22:06,0
2017-08-12  18:23:07,0
2017-08-12  18:24:07,2
2017-08-12  18:25:07,1
2017-08-12  18:26:07,2
2017-08-12  18:27:08,1
2017-08-12  18:28:08,3
2017-08-12  18:29:08,3
2017-08-12  18:30:09,3
2017-08-12  18:31:09,0
2017-08-12  18:32:09,1
2017-08-12  18:33:09,1
2017-08-12  18:34:10,1
2017-08-12  18:35:10,2
2017-08-12  18:36:10,1
2017-08-12  18:37:10,1
2017-08-12  18:38:11,2
2017-08-12  18:39:11,0
2017-08-12  18:40:11,0
2017-08-12  18:41:11,1
2017-08-12  18:42:12,1
2017-08-12  18:43:12,1
2017-08-12  18:44:12,3
2017-08-12  18:45:13,4
2017-08-12  18:46:13,0
2017-08-12  18:47:13,1
2017-08-12  18:48:13,2
2017-08-12  18:49:14,2
2017-08-12  18:50:14,0
2017-08-12  18:51:14,2
2017-08-12  18:52:14,2
2017-08-12  18:53:15,3
2017-08-12  18:54:15,3
2017-08-12  18:55:15,2
2017-08-12  18:56:15,3
2017-08-12  18:57:16,1
2017-08-12  18:58:16,1
2017-08-12  18:59:16,1
2017-08-12  19:00:17,1
2017-08-12  19:01:17,1
2017-08-12  19:02:17,0
2017-08-12  19:03:17,0
2017-08-12  19:04:18,1
2017-08-12  19:05:18,2
2017-08-12  19:06:18,1
2017-08-12  19:07:18,0
2017-08-12  19:08:19,1
2017-08-12  19:09:19,1
2017-08-12  19:10:19,0
2017-08-12  19:11:20,1
2017-08-12  19:12:20,1
2017-08-12  19:13:20,0
2017-08-12  19:14:20,0
2017-08-12  19:15:21,0
2017-08-12  19:16:21,3
2017-08-12  19:17:21,2
2017-08-12  19:18:21,1
2017-08-12  19:19:22,0
2017-08-12  19:20:22,0
2017-08-12  19:21:22,0
2017-08-12  19:22:23,1
2017-08-12  19:23:23,2
2017-08-12  19:24:23,0
2017-08-12  19:25:23,0
2017-08-12  19:26:24,0
2017-08-12  19:27:24,1
2017-08-12  19:28:24,0
2017-08-12  19:29:24,1
2017-08-12  19:30:25,3
2017-08-12  19:31:25,4
2017-08-12  19:32:25,4
2017-08-12  19:33:26,0
2017-08-12  19:34:26,1
2017-08-12  19:35:26,1
2017-08-12  19:36:26,0
2017-08-12  19:37:27,0
2017-08-12  19:38:27,1
2017-08-12  19:39:27,1
2017-08-12  19:40:28,2
2017-08-12  19:41:28,1
2017-08-12  19:42:28,1
2017-08-12  19:43:28,0
2017-08-12  19:44:29,0
2017-08-12  19:45:29,0
2017-08-12  19:46:29,0
2017-08-12  19:47:29,0
2017-08-12  19:48:30,0
2017-08-12  19:49:30,2
2017-08-12  19:50:30,1
2017-08-12  19:51:30,0
2017-08-12  19:52:31,2
2017-08-12  19:53:31,0
2017-08-12  19:54:31,0
2017-08-12  19:55:32,2
2017-08-12  19:56:32,1
2017-08-12  19:57:32,3
2017-08-12  19:58:32,0
2017-08-12  19:59:33,1
2017-08-12  20:00:33,2
2017-08-12  20:01:33,5
2017-08-12  20:02:33,3
2017-08-12  20:03:34,3
2017-08-12  20:04:34,0
2017-08-12  20:05:34,0
2017-08-12  20:06:34,2
2017-08-12  20:07:35,2
2017-08-12  20:08:35,0
2017-08-12  20:09:35,0
2017-08-12  20:10:36,1
2017-08-12  20:11:36,3
2017-08-12  20:12:36,2
2017-08-12  20:13:36,0
2017-08-12  20:14:37,2
2017-08-12  20:15:37,2
2017-08-12  20:16:37,4
2017-08-12  20:17:37,2
2017-08-12  20:18:38,2
2017-08-12  20:19:38,2
2017-08-12  20:20:38,1
2017-08-12  20:21:39,0
2017-08-12  20:22:39,1
2017-08-12  20:23:39,3
2017-08-12  20:24:39,2
2017-08-12  20:25:40,3
2017-08-12  20:26:40,1
2017-08-12  20:27:40,2
2017-08-12  20:28:40,1
2017-08-12  20:29:41,1
2017-08-12  20:30:41,1
2017-08-12  20:31:41,1
2017-08-12  20:32:42,1
2017-08-12  20:33:42,1
2017-08-12  20:34:42,2
2017-08-12  20:35:42,3
2017-08-12  20:36:43,3
2017-08-12  20:37:43,3
2017-08-12  20:38:43,1
2017-08-12  20:39:43,1
2017-08-12  20:40:44,2
2017-08-12  20:41:44,1
2017-08-12  20:42:44,2
2017-08-12  20:43:45,2
2017-08-12  20:44:45,3
2017-08-12  20:45:45,3
2017-08-12  20:46:45,5
2017-08-12  20:47:46,5
2017-08-12  20:48:46,3
2017-08-12  20:49:46,3
2017-08-12  20:50:46,2
2017-08-12  20:51:47,2
2017-08-12  20:52:47,3
2017-08-12  20:53:47,4
2017-08-12  20:54:48,1
2017-08-12  20:55:48,1
2017-08-12  20:56:48,1
2017-08-12  20:57:48,2
2017-08-12  20:58:49,1
2017-08-12  20:59:49,3
2017-08-12  21:00:49,3
2017-08-12  21:01:50,5
2017-08-12  21:02:50,3
2017-08-12  21:03:50,1
2017-08-12  21:04:50,4
2017-08-12  21:05:51,2
2017-08-12  21:06:51,0
2017-08-12  21:07:51,0
2017-08-12  21:08:51,1
2017-08-12  21:09:52,3
2017-08-12  21:10:52,1
2017-08-12  21:11:52,0
2017-08-12  21:12:53,1
2017-08-12  21:13:53,1
2017-08-12  21:14:53,1
2017-08-12  21:15:54,1
2017-08-12  21:16:54,1
2017-08-12  21:17:54,1
2017-08-12  21:18:55,3
2017-08-12  21:19:55,4
2017-08-12  21:20:55,3
2017-08-12  21:21:55,4
2017-08-12  21:22:56,4
2017-08-12  21:23:56,3
2017-08-12  21:24:56,2
2017-08-12  21:25:56,2
2017-08-12  21:26:57,3
2017-08-12  21:27:57,3
2017-08-12  21:28:57,2
2017-08-12  21:29:58,3
2017-08-12  21:30:58,4
2017-08-12  21:31:58,7
2017-08-12  21:32:58,4
2017-08-12  21:33:59,4
2017-08-12  21:34:59,4
2017-08-12  21:35:59,3
2017-08-12  21:37:00,6
2017-08-12  21:38:00,5
2017-08-12  21:39:00,3
2017-08-12  21:40:00,2
2017-08-12  21:41:01,2
2017-08-12  21:42:01,1
2017-08-12  21:43:01,2
2017-08-12  21:44:02,2
2017-08-12  21:45:02,2
2017-08-12  21:46:02,5
2017-08-12  21:47:02,5
2017-08-12  21:48:03,3
2017-08-12  21:49:03,1
2017-08-12  21:50:03,3
2017-08-12  21:51:03,2
2017-08-12  21:52:04,0
2017-08-12  21:53:04,0
2017-08-12  21:54:04,0
2017-08-12  21:55:04,4
2017-08-12  21:56:05,2
2017-08-12  21:57:05,2
2017-08-12  21:58:05,0
2017-08-12  21:59:06,0
2017-08-12  22:00:06,0
2017-08-12  22:01:06,0
2017-08-12  22:02:06,0
2017-08-12  22:03:07,0
2017-08-12  22:04:07,0
2017-08-12  22:05:07,0
2017-08-12  22:06:07,2
2017-08-12  22:07:08,1
2017-08-12  22:08:08,0
2017-08-12  22:09:08,1
2017-08-12  22:10:09,1
2017-08-12  22:11:09,2
2017-08-12  22:12:09,0
2017-08-12  22:13:10,2
2017-08-12  22:14:10,2
2017-08-12  22:15:10,1
2017-08-12  22:16:10,1
2017-08-12  22:17:11,3
2017-08-12  22:18:11,5
2017-08-12  22:19:11,1
2017-08-12  22:20:12,1
2017-08-12  22:21:12,0
2017-08-12  22:22:12,0
2017-08-12  22:23:12,1
2017-08-12  22:24:13,1
2017-08-12  22:25:13,1
2017-08-12  22:26:13,0
2017-08-12  22:27:14,0
2017-08-12  22:28:14,0
2017-08-12  22:29:14,1
2017-08-12  22:30:14,2
2017-08-12  22:31:15,1
2017-08-12  22:32:15,2
2017-08-12  22:33:15,6
2017-08-12  22:34:15,0
2017-08-12  22:35:16,0
2017-08-12  22:36:16,3
2017-08-12  22:37:16,0
2017-08-12  22:38:17,0
2017-08-12  22:39:17,0
2017-08-12  22:40:17,1
2017-08-12  22:41:17,1
2017-08-12  22:42:18,4
2017-08-12  22:43:18,1
2017-08-12  22:44:18,1
2017-08-12  22:45:19,1
2017-08-12  22:46:19,1
2017-08-12  22:47:19,1
2017-08-12  22:48:19,1
2017-08-12  22:49:20,1
2017-08-12  22:50:20,1
2017-08-12  22:51:20,2
2017-08-12  22:52:20,2
2017-08-12  22:53:21,4
2017-08-12  22:54:21,1
2017-08-12  22:55:21,1
2017-08-12  22:56:21,2
2017-08-12  22:57:22,2
2017-08-12  22:58:22,1
2017-08-12  22:59:22,3
2017-08-12  23:00:23,4
2017-08-12  23:01:23,1
2017-08-12  23:02:23,1
2017-08-12  23:03:23,2
2017-08-12  23:04:24,3
2017-08-12  23:05:24,2
2017-08-12  23:06:24,2
2017-08-12  23:07:24,2
2017-08-12  23:08:25,1
2017-08-12  23:09:25,2
2017-08-12  23:10:25,4
2017-08-12  23:11:26,2
2017-08-12  23:12:26,1
2017-08-12  23:13:26,1
2017-08-12  23:14:26,1
2017-08-12  23:15:27,1
2017-08-12  23:16:27,4
2017-08-12  23:17:27,1
2017-08-12  23:18:28,2
2017-08-12  23:19:28,8
2017-08-12  23:20:28,5
2017-08-12  23:21:28,1
2017-08-12  23:22:29,2
2017-08-12  23:23:29,3
2017-08-12  23:24:29,0
2017-08-12  23:25:29,0
2017-08-12  23:26:30,1
2017-08-12  23:27:30,2
2017-08-12  23:28:30,4
2017-08-12  23:29:30,2
2017-08-12  23:30:31,2
2017-08-12  23:31:31,2
2017-08-12  23:32:31,2
2017-08-12  23:33:31,2
2017-08-12  23:34:32,2
2017-08-12  23:35:32,2
2017-08-12  23:36:32,2
2017-08-12  23:37:33,3
2017-08-12  23:38:33,3
2017-08-12  23:39:33,3
2017-08-12  23:40:34,3
2017-08-12  23:41:34,2
2017-08-12  23:42:34,2
2017-08-12  23:43:34,5
2017-08-12  23:44:35,3
2017-08-12  23:45:35,3
2017-08-12  23:46:35,4
2017-08-12  23:47:35,3
2017-08-12  23:48:36,2
2017-08-12  23:49:36,4
2017-08-12  23:50:36,6
2017-08-12  23:51:36,4
2017-08-12  23:52:37,2
2017-08-12  23:53:37,1
2017-08-12  23:54:37,1
2017-08-12  23:55:38,1
2017-08-12  23:56:38,5
2017-08-12  23:57:38,2
2017-08-12  23:58:38,1
2017-08-12  23:59:39,1
2017-08-13  0:00:39,1
2017-08-13  0:01:39,2
2017-08-13  0:02:39,2
2017-08-13  0:03:40,3
2017-08-13  0:04:40,3
2017-08-13  0:05:40,5
2017-08-13  0:06:40,5
2017-08-13  0:07:41,3
2017-08-13  0:08:41,2
2017-08-13  0:09:41,1
2017-08-13  0:10:41,2
2017-08-13  0:11:42,0
2017-08-13  0:12:42,1
2017-08-13  0:13:42,1
2017-08-13  0:14:43,4
2017-08-13  0:15:43,1
2017-08-13  0:16:43,1
2017-08-13  0:17:43,0
2017-08-13  0:18:44,0
2017-08-13  0:19:44,0
2017-08-13  0:20:44,0
2017-08-13  0:21:45,0
2017-08-13  0:22:45,0
2017-08-13  0:23:45,1
2017-08-13  0:24:45,1
2017-08-13  0:25:46,1
2017-08-13  0:26:46,1
2017-08-13  0:27:46,0
2017-08-13  0:28:47,1
2017-08-13  0:29:47,1
2017-08-13  0:30:47,1
2017-08-13  0:31:48,0
2017-08-13  0:32:48,3
2017-08-13  0:33:48,3
2017-08-13  0:34:48,1
2017-08-13  0:35:49,2
2017-08-13  0:36:49,3
2017-08-13  0:37:49,4
2017-08-13  0:38:49,1
2017-08-13  0:39:50,0
2017-08-13  0:40:50,0
2017-08-13  0:41:50,0
2017-08-13  0:42:50,2
2017-08-13  0:43:51,2
2017-08-13  0:44:51,3
2017-08-13  0:45:51,1
2017-08-13  0:46:51,0
2017-08-13  0:47:52,1
2017-08-13  0:48:52,1
2017-08-13  0:49:52,2
2017-08-13  0:50:53,2
2017-08-13  0:51:53,4
2017-08-13  0:52:53,3
2017-08-13  0:53:53,1
2017-08-13  0:54:54,1
2017-08-13  0:55:54,4
2017-08-13  0:56:54,1
2017-08-13  0:57:55,0
2017-08-13  0:58:55,1
2017-08-13  0:59:55,1
2017-08-13  1:00:55,4
2017-08-13  1:01:56,0
2017-08-13  1:02:56,1
2017-08-13  1:03:56,1
2017-08-13  1:04:57,0
2017-08-13  1:05:57,0
2017-08-13  1:06:57,0
2017-08-13  1:07:57,0
2017-08-13  1:08:58,0
2017-08-13  1:09:58,1
2017-08-13  1:10:58,2
2017-08-13  1:11:58,1
2017-08-13  1:12:59,1
2017-08-13  1:13:59,1
2017-08-13  1:14:59,1
2017-08-13  1:16:00,3
2017-08-13  1:17:00,2
2017-08-13  1:18:00,2
2017-08-13  1:19:00,3
2017-08-13  1:20:01,1
2017-08-13  1:21:01,1
2017-08-13  1:22:01,2
2017-08-13  1:23:01,4
2017-08-13  1:24:02,3
2017-08-13  1:25:02,3
2017-08-13  1:26:02,1
2017-08-13  1:27:03,1
2017-08-13  1:28:03,2
2017-08-13  1:29:03,3
2017-08-13  1:30:03,5
2017-08-13  1:31:04,2
2017-08-13  1:32:04,1
2017-08-13  1:33:04,1
2017-08-13  1:34:04,2
2017-08-13  1:35:05,2
2017-08-13  1:36:05,2
2017-08-13  1:37:05,3
2017-08-13  1:38:06,3
2017-08-13  1:39:06,5
2017-08-13  1:40:06,1
2017-08-13  1:41:06,2
2017-08-13  1:42:07,4
2017-08-13  1:43:07,3
2017-08-13  1:44:07,1
2017-08-13  1:45:07,1
2017-08-13  1:46:08,3
2017-08-13  1:47:08,4
2017-08-13  1:48:08,3
2017-08-13  1:49:09,1
2017-08-13  1:50:09,3
2017-08-13  1:51:09,3
2017-08-13  1:52:09,1
2017-08-13  1:53:10,1
2017-08-13  1:54:10,1
2017-08-13  1:55:10,1
2017-08-13  1:56:11,2
2017-08-13  1:57:11,2
2017-08-13  1:58:11,2
2017-08-13  1:59:11,3
2017-08-13  2:00:12,1
2017-08-13  2:01:12,2
2017-08-13  2:02:12,3
2017-08-13  2:03:13,1
2017-08-13  2:04:13,1
2017-08-13  2:05:13,3
2017-08-13  2:06:13,1
2017-08-13  2:07:14,1
2017-08-13  2:08:14,1
2017-08-13  2:09:14,3
2017-08-13  2:10:14,2
2017-08-13  2:11:15,1
2017-08-13  2:12:15,1
2017-08-13  2:13:15,0
2017-08-13  2:14:15,1
2017-08-13  2:15:16,1
2017-08-13  2:16:16,4
2017-08-13  2:17:16,0
2017-08-13  2:18:16,1
2017-08-13  2:19:17,0
2017-08-13  2:20:17,0
2017-08-13  2:21:17,1
2017-08-13  2:22:18,1
2017-08-13  2:23:18,1
2017-08-13  2:24:18,3
2017-08-13  2:25:18,3
2017-08-13  2:26:19,4
2017-08-13  2:27:19,1
2017-08-13  2:28:19,2
2017-08-13  2:29:20,2
2017-08-13  2:30:20,0
2017-08-13  2:31:20,0
2017-08-13  2:32:20,0
2017-08-13  2:33:21,2
2017-08-13  2:34:21,3
2017-08-13  2:35:21,0
2017-08-13  2:36:21,1
2017-08-13  2:37:22,0
2017-08-13  2:38:22,0
2017-08-13  2:39:22,0
2017-08-13  2:40:22,0
2017-08-13  2:41:23,0
2017-08-13  2:42:23,0
2017-08-13  2:43:23,1
2017-08-13  2:44:23,2
2017-08-13  2:45:24,1
2017-08-13  2:46:24,1
2017-08-13  2:47:24,0
2017-08-13  2:48:25,1
2017-08-13  2:49:25,1
2017-08-13  2:50:25,1
2017-08-13  2:51:25,1
2017-08-13  2:52:26,3
2017-08-13  2:53:26,0
2017-08-13  2:54:26,0
2017-08-13  2:55:26,1
2017-08-13  2:56:27,3
2017-08-13  2:57:27,1
2017-08-13  2:58:27,1
2017-08-13  2:59:27,0
2017-08-13  3:00:28,0
2017-08-13  3:01:28,1
2017-08-13  3:02:28,2
2017-08-13  3:03:28,1
2017-08-13  3:04:29,0
2017-08-13  3:05:29,0
2017-08-13  3:06:29,0
2017-08-13  3:07:29,1
2017-08-13  3:08:30,1
2017-08-13  3:09:30,1
2017-08-13  3:10:30,3
2017-08-13  3:11:31,3
2017-08-13  3:12:31,2
2017-08-13  3:13:31,1
2017-08-13  3:14:31,3
2017-08-13  3:15:32,1
2017-08-13  3:16:32,0
2017-08-13  3:17:32,0
2017-08-13  3:18:33,0
2017-08-13  3:19:33,2
2017-08-13  3:20:33,4
2017-08-13  3:21:33,0
2017-08-13  3:22:34,1
2017-08-13  3:23:34,1
2017-08-13  3:24:34,1
2017-08-13  3:25:34,2
2017-08-13  3:26:35,1
2017-08-13  3:27:35,1
2017-08-13  3:28:35,1
2017-08-13  3:29:36,2
2017-08-13  3:30:36,3
2017-08-13  3:31:36,3
2017-08-13  3:32:36,3
2017-08-13  3:33:37,2
2017-08-13  3:34:37,3
2017-08-13  3:35:37,4
2017-08-13  3:36:37,2
2017-08-13  3:37:38,3
2017-08-13  3:38:38,4
2017-08-13  3:39:38,3
2017-08-13  3:40:38,2
2017-08-13  3:41:39,4
2017-08-13  3:42:39,5
2017-08-13  3:43:39,5
2017-08-13  3:44:40,2
2017-08-13  3:45:40,2
2017-08-13  3:46:40,2
2017-08-13  3:47:41,3
2017-08-13  3:48:41,4
2017-08-13  3:49:41,4
2017-08-13  3:50:42,3
2017-08-13  3:51:42,2
2017-08-13  3:52:42,2
2017-08-13  3:53:42,3
2017-08-13  3:54:43,4
2017-08-13  3:55:43,3
2017-08-13  3:56:43,5
2017-08-13  3:57:44,6
2017-08-13  3:58:44,4
2017-08-13  3:59:44,3
2017-08-13  4:00:44,2
2017-08-13  4:01:45,4
2017-08-13  4:02:45,3
2017-08-13  4:03:45,1
2017-08-13  4:04:45,2
2017-08-13  4:05:46,2
2017-08-13  4:06:46,3
2017-08-13  4:07:46,2
2017-08-13  4:08:46,2
2017-08-13  4:09:47,1
2017-08-13  4:10:47,1
2017-08-13  4:11:47,1
2017-08-13  4:12:48,1
2017-08-13  4:13:48,1
2017-08-13  4:14:48,1
2017-08-13  4:15:48,1
2017-08-13  4:16:49,2
2017-08-13  4:17:49,3
2017-08-13  4:18:49,2
2017-08-13  4:19:50,1
2017-08-13  4:20:50,2
2017-08-13  4:21:50,2
2017-08-13  4:22:50,1
2017-08-13  4:23:51,1
2017-08-13  4:24:51,3
2017-08-13  4:25:51,4
2017-08-13  4:26:52,2
2017-08-13  4:27:52,3
2017-08-13  4:28:52,4
2017-08-13  4:29:52,4
2017-08-13  4:30:53,1
2017-08-13  4:31:53,0
2017-08-13  4:32:53,0
2017-08-13  4:33:54,0
2017-08-13  4:34:54,3
2017-08-13  4:35:54,4
2017-08-13  4:36:54,1
2017-08-13  4:37:55,0
2017-08-13  4:38:55,0
2017-08-13  4:39:55,1
2017-08-13  4:40:55,0
2017-08-13  4:41:56,2
2017-08-13  4:42:56,1
2017-08-13  4:43:56,5
2017-08-13  4:44:56,3
2017-08-13  4:45:57,1
2017-08-13  4:46:57,1
2017-08-13  4:47:57,3
2017-08-13  4:48:57,1
2017-08-13  4:49:58,0
2017-08-13  4:50:58,1
2017-08-13  4:51:58,2
2017-08-13  4:52:59,3
2017-08-13  4:53:59,1
2017-08-13  4:54:59,1
2017-08-13  4:55:59,2
2017-08-13  4:57:00,1
2017-08-13  4:58:00,1
2017-08-13  4:59:00,1
2017-08-13  5:00:01,1
2017-08-13  5:01:01,1
2017-08-13  5:02:01,1
2017-08-13  5:03:01,1
2017-08-13  5:04:02,3
2017-08-13  5:05:02,2
2017-08-13  5:06:02,1
2017-08-13  5:07:02,1
2017-08-13  5:08:03,3
2017-08-13  5:09:03,1
2017-08-13  5:10:03,1
2017-08-13  5:11:04,2
2017-08-13  5:12:04,3
2017-08-13  5:13:04,2
2017-08-13  5:14:04,4
2017-08-13  5:15:05,6
2017-08-13  5:16:05,4
2017-08-13  5:17:05,2
2017-08-13  5:18:05,1
2017-08-13  5:19:06,1
2017-08-13  5:20:06,2
2017-08-13  5:21:06,2
2017-08-13  5:22:06,4
2017-08-13  5:23:07,3
2017-08-13  5:24:07,2
2017-08-13  5:25:07,1
2017-08-13  5:26:07,1
2017-08-13  5:27:08,2
2017-08-13  5:28:08,2
2017-08-13  5:29:08,3
2017-08-13  5:30:08,3
2017-08-13  5:31:09,8
2017-08-13  5:32:09,3
2017-08-13  5:33:09,1
2017-08-13  5:34:10,3
2017-08-13  5:35:10,3
2017-08-13  5:36:10,0
2017-08-13  5:37:10,0
2017-08-13  5:38:11,1
2017-08-13  5:39:11,4
2017-08-13  5:40:11,3
2017-08-13  5:41:12,2
2017-08-13  5:42:12,1
2017-08-13  5:43:12,1
2017-08-13  5:44:12,2
2017-08-13  5:45:13,2
2017-08-13  5:46:13,2
2017-08-13  5:47:13,2
2017-08-13  5:48:14,2
2017-08-13  5:49:14,3
2017-08-13  5:50:14,3
2017-08-13  5:51:14,4
2017-08-13  5:52:15,3
2017-08-13  5:53:15,2
2017-08-13  5:54:15,3
2017-08-13  5:55:15,3
2017-08-13  5:56:16,2
2017-08-13  5:57:16,2
2017-08-13  5:58:16,5
2017-08-13  5:59:16,3
2017-08-13  6:00:17,4
2017-08-13  6:01:17,4
2017-08-13  6:02:17,5
2017-08-13  6:03:17,5
2017-08-13  6:04:18,2
2017-08-13  6:05:18,2
2017-08-13  6:06:18,3
2017-08-13  6:07:18,3
2017-08-13  6:08:19,4
2017-08-13  6:09:19,4
2017-08-13  6:10:19,3
2017-08-13  6:11:20,2
2017-08-13  6:12:20,2
2017-08-13  6:13:20,4
2017-08-13  6:14:20,4
2017-08-13  6:15:21,2
2017-08-13  6:16:21,3
2017-08-13  6:17:21,6
2017-08-13  6:18:21,3
2017-08-13  6:19:22,1
2017-08-13  6:20:22,0
2017-08-13  6:21:22,1
2017-08-13  6:22:23,1
2017-08-13  6:23:23,0
2017-08-13  6:24:23,1
2017-08-13  6:25:23,4
2017-08-13  6:26:24,1
2017-08-13  6:27:24,1
2017-08-13  6:28:24,1
2017-08-13  6:29:24,0
2017-08-13  6:30:25,0
2017-08-13  6:31:25,0
2017-08-13  6:32:25,0
2017-08-13  6:33:25,0
2017-08-13  6:34:26,1
2017-08-13  6:35:26,0
2017-08-13  6:36:26,2
2017-08-13  6:37:26,2
2017-08-13  6:38:27,2
2017-08-13  6:39:27,1
2017-08-13  6:40:27,2
2017-08-13  6:41:28,2
2017-08-13  6:42:28,1
2017-08-13  6:43:28,1
2017-08-13  6:44:28,3
2017-08-13  6:45:29,2
2017-08-13  6:46:29,2
2017-08-13  6:47:29,4
2017-08-13  6:48:29,4
2017-08-13  6:49:30,3
2017-08-13  6:50:30,1
2017-08-13  6:51:30,1
2017-08-13  6:52:30,1
2017-08-13  6:53:31,2
2017-08-13  6:54:31,4
2017-08-13  6:55:31,3
2017-08-13  6:56:32,2
2017-08-13  6:57:32,2
2017-08-13  6:58:32,1
2017-08-13  6:59:32,2
2017-08-13  7:00:33,3
2017-08-13  7:01:33,1
2017-08-13  7:02:33,4
2017-08-13  7:03:34,6
2017-08-13  7:04:34,5
2017-08-13  7:05:34,4
2017-08-13  7:06:34,1
2017-08-13  7:07:35,2
2017-08-13  7:08:35,2
2017-08-13  7:09:35,2
2017-08-13  7:10:35,2
2017-08-13  7:11:36,3
2017-08-13  7:12:36,4
2017-08-13  7:13:36,1
2017-08-13  7:14:36,2
2017-08-13  7:15:37,1
2017-08-13  7:16:37,1
2017-08-13  7:17:37,1
2017-08-13  7:18:37,1
2017-08-13  7:19:38,1
2017-08-13  7:20:38,1
2017-08-13  7:21:38,2
2017-08-13  7:22:39,2
2017-08-13  7:23:39,3
2017-08-13  7:24:39,2
2017-08-13  7:25:39,2
2017-08-13  7:26:39,2
2017-08-13  7:27:40,2
2017-08-13  7:28:40,1
2017-08-13  7:29:40,3
2017-08-13  7:30:41,4
2017-08-13  7:31:41,2
2017-08-13  7:32:41,2
2017-08-13  7:33:41,4
2017-08-13  7:34:42,5
2017-08-13  7:35:42,3
2017-08-13  7:36:42,0
2017-08-13  7:37:42,0
2017-08-13  7:38:43,0
2017-08-13  7:39:43,1
2017-08-13  7:40:43,3
2017-08-13  7:41:44,2
2017-08-13  7:42:44,0
2017-08-13  7:43:44,0
2017-08-13  7:44:44,2
2017-08-13  7:45:45,2
2017-08-13  7:46:45,1
2017-08-13  7:47:45,1
2017-08-13  7:48:45,2
2017-08-13  7:49:46,4
2017-08-13  7:50:46,1
2017-08-13  7:51:46,1
2017-08-13  7:52:47,2
2017-08-13  7:53:47,2
2017-08-13  7:54:47,0
2017-08-13  7:55:47,0
2017-08-13  7:56:48,1
2017-08-13  7:57:48,2
2017-08-13  7:58:48,1
2017-08-13  7:59:49,1
2017-08-13  8:00:49,1
2017-08-13  8:01:49,0
2017-08-13  8:02:49,0
2017-08-13  8:03:50,0
2017-08-13  8:04:50,0
2017-08-13  8:05:50,0
2017-08-13  8:06:50,1
2017-08-13  8:07:51,0
2017-08-13  8:08:51,1
2017-08-13  8:09:51,2
2017-08-13  8:10:51,0
2017-08-13  8:11:52,0
2017-08-13  8:12:52,1
2017-08-13  8:13:52,2
2017-08-13  8:14:53,0
2017-08-13  8:15:53,1
2017-08-13  8:16:53,2
2017-08-13  8:17:53,2
2017-08-13  8:18:54,1
2017-08-13  8:19:54,4
2017-08-13  8:20:54,2
2017-08-13  8:21:54,3
2017-08-13  8:22:55,1
2017-08-13  8:23:55,0
2017-08-13  8:24:55,0
2017-08-13  8:25:55,0
2017-08-13  8:26:56,4
2017-08-13  8:27:56,3
2017-08-13  8:28:56,2
2017-08-13  8:29:56,1
2017-08-13  8:30:57,1
2017-08-13  8:31:57,1
2017-08-13  8:32:57,3
2017-08-13  8:33:58,2
2017-08-13  8:34:58,2
2017-08-13  8:35:58,5
2017-08-13  8:36:58,5
2017-08-13  8:37:59,2
2017-08-13  8:38:59,4
2017-08-13  8:39:59,3
2017-08-13  8:40:59,3
2017-08-13  8:42:00,1
2017-08-13  8:43:00,1
2017-08-13  8:44:00,3
2017-08-13  8:45:01,4
2017-08-13  8:46:01,2
2017-08-13  8:47:01,1
2017-08-13  8:48:01,1
2017-08-13  8:49:02,1
2017-08-13  8:50:02,1
2017-08-13  8:51:02,1
2017-08-13  8:52:02,1
2017-08-13  8:53:03,1
2017-08-13  8:54:03,4
2017-08-13  8:55:03,1
2017-08-13  8:56:04,2
2017-08-13  8:57:04,2
2017-08-13  8:58:04,1
2017-08-13  8:59:04,2
2017-08-13  9:00:05,1
2017-08-13  9:01:05,2
2017-08-13  9:02:05,1
2017-08-13  9:03:05,1
2017-08-13  9:04:06,0
2017-08-13  9:05:06,0
2017-08-13  9:06:06,1
2017-08-13  9:07:06,3
2017-08-13  9:08:07,3
2017-08-13  9:09:07,0
2017-08-13  9:10:07,0
2017-08-13  9:11:08,0
2017-08-13  9:12:08,1
2017-08-13  9:13:08,2
2017-08-13  9:14:08,4
2017-08-13  9:15:09,1
2017-08-13  9:16:09,0
2017-08-13  9:17:09,0
2017-08-13  9:18:09,2
2017-08-13  9:19:10,1
2017-08-13  9:20:10,1
2017-08-13  9:21:10,1
2017-08-13  9:22:11,4
2017-08-13  9:23:11,2
2017-08-13  9:24:11,2
2017-08-13  9:25:11,2
2017-08-13  9:26:12,1
2017-08-13  9:27:12,1
2017-08-13  9:28:12,0
2017-08-13  9:29:13,1
2017-08-13  9:30:13,2
2017-08-13  9:31:13,3
2017-08-13  9:32:13,1
2017-08-13  9:33:14,1
2017-08-13  9:34:14,0
2017-08-13  9:35:14,0
2017-08-13  9:36:14,0
2017-08-13  9:37:15,0
2017-08-13  9:38:15,0
2017-08-13  9:39:15,0
2017-08-13  9:40:16,1
2017-08-13  9:41:16,2
2017-08-13  9:42:16,2
2017-08-13  9:43:16,3
2017-08-13  9:44:17,2
2017-08-13  9:45:17,1
2017-08-13  9:46:17,2
2017-08-13  9:47:18,2
2017-08-13  9:48:18,2
2017-08-13  9:49:18,2
2017-08-13  9:50:18,3
2017-08-13  9:51:19,1
2017-08-13  9:52:19,2
2017-08-13  9:53:19,3
2017-08-13  9:54:19,3
2017-08-13  9:55:20,3
2017-08-13  9:56:20,1
2017-08-13  9:57:20,1
2017-08-13  9:58:20,1
2017-08-13  9:59:21,3
2017-08-13  10:00:21,2
2017-08-13  10:01:21,2
2017-08-13  10:02:21,1
2017-08-13  10:03:22,1
2017-08-13  10:04:22,1
2017-08-13  10:05:22,1
2017-08-13  10:06:22,2
2017-08-13  10:07:23,0
2017-08-13  10:08:23,2
2017-08-13  10:09:23,5
2017-08-13  10:10:23,2
2017-08-13  10:11:24,3
2017-08-13  10:12:24,5
2017-08-13  10:13:24,1
2017-08-13  10:14:25,0
2017-08-13  10:15:25,0
2017-08-13  10:16:25,2
2017-08-13  10:17:25,3
2017-08-13  10:18:26,1
2017-08-13  10:19:26,1
2017-08-13  10:20:26,1
2017-08-13  10:21:27,0
2017-08-13  10:22:27,0
2017-08-13  10:23:27,0
2017-08-13  10:24:27,1
2017-08-13  10:25:28,0
2017-08-13  10:26:28,1
2017-08-13  10:27:28,1
2017-08-13  10:28:29,2
2017-08-13  10:29:29,1
2017-08-13  10:30:29,0
2017-08-13  10:31:29,0
2017-08-13  10:32:30,1
2017-08-13  10:33:30,1
2017-08-13  10:34:30,1
2017-08-13  10:35:30,1
2017-08-13  10:36:31,2
2017-08-13  10:37:31,1
2017-08-13  10:38:31,2
2017-08-13  10:39:31,4
2017-08-13  10:40:32,2
2017-08-13  10:41:32,1
2017-08-13  10:42:32,1
2017-08-13  10:43:33,0
2017-08-13  10:44:33,0
2017-08-13  10:45:33,2
2017-08-13  10:46:33,2
2017-08-13  10:47:34,0
2017-08-13  10:48:34,0
2017-08-13  10:49:34,0
2017-08-13  10:50:34,2
2017-08-13  10:51:35,2
2017-08-13  10:52:35,2
2017-08-13  10:53:35,1
2017-08-13  10:54:35,3
2017-08-13  10:55:36,4
2017-08-13  10:56:36,3
2017-08-13  10:57:36,2
2017-08-13  10:58:36,1
2017-08-13  10:59:37,1
2017-08-13  11:00:37,0
2017-08-13  11:01:37,1
2017-08-13  11:02:38,2
2017-08-13  11:03:38,1
2017-08-13  11:04:38,3
2017-08-13  11:05:38,0
2017-08-13  11:06:39,1
2017-08-13  11:07:39,0
2017-08-13  11:08:39,0
2017-08-13  11:09:39,0
2017-08-13  11:10:40,0
2017-08-13  11:11:40,0
2017-08-13  11:12:40,0
2017-08-13  11:13:40,2
2017-08-13  11:14:41,0
2017-08-13  11:15:41,2
2017-08-13  11:16:41,1
2017-08-13  11:17:42,0
2017-08-13  11:18:42,1
2017-08-13  11:19:42,1
2017-08-13  11:20:42,0
2017-08-13  11:21:43,1
2017-08-13  11:22:43,2
2017-08-13  11:23:43,0
2017-08-13  11:24:43,0
2017-08-13  11:25:44,1
2017-08-13  11:26:44,2
2017-08-13  11:27:44,2
2017-08-13  11:28:45,1
2017-08-13  11:29:45,0
2017-08-13  11:30:45,0
2017-08-13  11:31:46,0
2017-08-13  11:32:46,2
2017-08-13  11:33:46,1
2017-08-13  11:34:47,0
2017-08-13  11:35:47,0
2017-08-13  11:36:47,0
2017-08-13  11:37:47,1
2017-08-13  11:38:48,3
2017-08-13  11:39:48,2
2017-08-13  11:40:48,2
2017-08-13  11:41:48,4
2017-08-13  11:42:49,3
2017-08-13  11:43:49,1
2017-08-13  11:44:49,1
2017-08-13  11:45:49,1
2017-08-13  11:46:50,0
2017-08-13  11:47:50,0
2017-08-13  11:48:50,2
2017-08-13  11:49:51,1
2017-08-13  11:50:51,4
2017-08-13  11:51:51,1
2017-08-13  11:52:51,1
2017-08-13  11:53:52,0
2017-08-13  11:54:52,1
2017-08-13  11:55:52,1
2017-08-13  11:56:52,1
2017-08-13  11:57:53,1
2017-08-13  11:58:53,2
2017-08-13  11:59:53,2
2017-08-13  12:00:54,1
2017-08-13  12:01:54,3
2017-08-13  12:02:54,3
2017-08-13  12:03:54,1
2017-08-13  12:04:55,2
2017-08-13  12:05:55,1
2017-08-13  12:06:55,1
2017-08-13  12:07:56,2
2017-08-13  12:08:56,3
2017-08-13  12:09:56,4
2017-08-13  12:10:56,3
2017-08-13  12:11:57,3
2017-08-13  12:12:57,5
2017-08-13  12:13:57,3
2017-08-13  12:14:58,1
2017-08-13  12:15:58,1
2017-08-13  12:16:58,1
2017-08-13  12:17:58,2
2017-08-13  12:18:59,4
2017-08-13  12:19:59,4
2017-08-13  12:20:59,1
2017-08-13  12:21:59,1
2017-08-13  12:23:00,1
2017-08-13  12:24:00,1
2017-08-13  12:25:00,2
2017-08-13  12:26:00,2
2017-08-13  12:27:01,3
2017-08-13  12:28:01,5
2017-08-13  12:29:01,4
2017-08-13  12:30:01,1
2017-08-13  12:31:02,0
2017-08-13  12:32:02,2
2017-08-13  12:33:02,0
2017-08-13  12:34:03,0
2017-08-13  12:35:03,1
2017-08-13  12:36:03,1
2017-08-13  12:37:03,3
2017-08-13  12:38:04,0
2017-08-13  12:39:04,1
2017-08-13  12:40:04,1
2017-08-13  12:41:05,0
2017-08-13  12:42:05,0
2017-08-13  12:43:05,0
2017-08-13  12:44:05,0
2017-08-13  12:45:06,0
2017-08-13  12:46:06,0
2017-08-13  12:47:06,1
2017-08-13  12:48:06,1
2017-08-13  12:49:07,1
2017-08-13  12:50:07,1
2017-08-13  12:51:07,0
2017-08-13  12:52:08,2
2017-08-13  12:53:08,1
2017-08-13  12:54:08,0
2017-08-13  12:55:08,3
2017-08-13  12:56:09,1
2017-08-13  12:57:09,1
2017-08-13  12:58:09,1
2017-08-13  12:59:09,5
2017-08-13  13:00:10,3
2017-08-13  13:01:10,1
2017-08-13  13:02:10,0
2017-08-13  13:03:11,0
2017-08-13  13:04:11,1
2017-08-13  13:05:11,3
2017-08-13  13:06:11,2
2017-08-13  13:07:12,1
2017-08-13  13:08:12,0
2017-08-13  13:09:12,0
2017-08-13  13:10:13,2
2017-08-13  13:11:13,2
2017-08-13  13:12:13,0
2017-08-13  13:13:13,2
2017-08-13  13:14:14,3
2017-08-13  13:15:14,2
2017-08-13  13:16:14,1
2017-08-13  13:17:14,1
2017-08-13  13:18:15,1
2017-08-13  13:19:15,0
2017-08-13  13:20:15,0
2017-08-13  13:21:15,0
2017-08-13  13:22:16,2
2017-08-13  13:23:16,3
2017-08-13  13:24:16,0
2017-08-13  13:25:16,1
2017-08-13  13:26:17,0
2017-08-13  13:27:17,0
2017-08-13  13:28:17,0
2017-08-13  13:29:17,0
2017-08-13  13:30:18,0
2017-08-13  13:31:18,0
2017-08-13  13:32:18,0
2017-08-13  13:33:19,1
2017-08-13  13:34:19,1
2017-08-13  13:35:19,0
2017-08-13  13:36:19,0
2017-08-13  13:37:20,1
2017-08-13  13:38:20,2
2017-08-13  13:39:20,0
2017-08-13  13:40:20,1
2017-08-13  13:41:21,2
2017-08-13  13:42:21,0
2017-08-13  13:43:21,0
2017-08-13  13:44:22,0
2017-08-13  13:45:22,3
2017-08-13  13:46:22,3
2017-08-13  13:47:22,1
2017-08-13  13:48:23,0
2017-08-13  13:49:23,0
2017-08-13  13:50:23,1
2017-08-13  13:51:23,2
2017-08-13  13:52:24,4
2017-08-13  13:53:24,1
2017-08-13  13:54:24,0
2017-08-13  13:55:25,0
2017-08-13  13:56:25,1
2017-08-13  13:57:25,1
2017-08-13  13:58:26,1
2017-08-13  13:59:26,2
2017-08-13  14:00:26,7
2017-08-13  14:01:26,3
2017-08-13  14:02:27,0
2017-08-13  14:03:27,3
2017-08-13  14:04:27,3
2017-08-13  14:05:27,0
2017-08-13  14:06:28,0
2017-08-13  14:07:28,0
2017-08-13  14:08:28,2
2017-08-13  14:09:28,3
2017-08-13  14:10:29,0
2017-08-13  14:11:29,1
2017-08-13  14:12:29,0
2017-08-13  14:13:30,1
2017-08-13  14:14:30,1
2017-08-13  14:15:30,1
2017-08-13  14:16:30,1
2017-08-13  14:17:31,1
2017-08-13  14:18:31,2
2017-08-13  14:19:31,3
2017-08-13  14:20:32,3
2017-08-13  14:21:32,2
2017-08-13  14:22:32,1
2017-08-13  14:23:32,1
2017-08-13  14:24:33,3
2017-08-13  14:25:33,2
2017-08-13  14:26:33,2
2017-08-13  14:27:34,3
2017-08-13  14:28:34,2
2017-08-13  14:29:34,1
2017-08-13  14:30:34,1
2017-08-13  14:31:35,4
2017-08-13  14:32:35,3
2017-08-13  14:33:35,3
2017-08-13  14:34:36,1
2017-08-13  14:35:36,1
2017-08-13  14:36:36,1
2017-08-13  14:37:36,4
2017-08-13  14:38:37,5
2017-08-13  14:39:37,2
2017-08-13  14:40:37,1
2017-08-13  14:41:37,1
2017-08-13  14:42:38,2
2017-08-13  14:43:38,3
2017-08-13  14:44:38,2
2017-08-13  14:45:39,2
2017-08-13  14:46:39,5
2017-08-13  14:47:39,5
2017-08-13  14:48:39,3
2017-08-13  14:49:40,3
2017-08-13  14:50:40,1
2017-08-13  14:51:40,2
2017-08-13  14:52:40,0
2017-08-13  14:53:41,2
2017-08-13  14:54:41,1
2017-08-13  14:55:41,3
2017-08-13  14:56:41,2
2017-08-13  14:57:42,0
2017-08-13  14:58:42,1
2017-08-13  14:59:42,0
2017-08-13  15:00:43,1
2017-08-13  15:01:43,1
2017-08-13  15:02:43,1
2017-08-13  15:03:43,1
2017-08-13  15:04:44,4
2017-08-13  15:05:44,1
2017-08-13  15:06:44,3
2017-08-13  15:07:44,3
2017-08-13  15:08:45,1
2017-08-13  15:09:45,2
2017-08-13  15:10:45,2
2017-08-13  15:11:45,2
2017-08-13  15:12:46,1
2017-08-13  15:13:46,2
2017-08-13  15:14:46,3
2017-08-13  15:15:46,2
2017-08-13  15:16:47,2
2017-08-13  15:17:47,2
2017-08-13  15:18:47,4
2017-08-13  15:19:48,3
2017-08-13  15:20:48,1
2017-08-13  15:21:48,1
2017-08-13  15:22:48,1
2017-08-13  15:23:49,2
2017-08-13  15:24:49,5
2017-08-13  15:25:49,1
2017-08-13  15:26:49,2
2017-08-13  15:27:50,1
2017-08-13  15:28:50,1
2017-08-13  15:29:50,2
2017-08-13  15:30:50,3
2017-08-13  15:31:51,2
2017-08-13  15:32:51,3
2017-08-13  15:33:51,6
2017-08-13  15:34:51,3
2017-08-13  15:35:52,1
2017-08-13  15:36:52,2
2017-08-13  15:37:52,2
2017-08-13  15:38:52,0
2017-08-13  15:39:53,0
2017-08-13  15:40:53,2
2017-08-13  15:41:53,3
2017-08-13  15:42:53,0
2017-08-13  15:43:54,0
2017-08-13  15:44:54,2
2017-08-13  15:45:54,2
2017-08-13  15:46:55,2
2017-08-13  15:47:55,2
2017-08-13  15:48:55,2
2017-08-13  15:49:55,2
2017-08-13  15:50:56,2
2017-08-13  15:51:56,3
2017-08-13  15:52:56,3
2017-08-13  15:53:57,3
2017-08-13  15:54:57,3
2017-08-13  15:55:57,2
2017-08-13  15:56:57,2
2017-08-13  15:57:58,3
2017-08-13  15:58:58,2
2017-08-13  15:59:58,4
2017-08-13  16:00:59,3
2017-08-13  16:01:59,2
2017-08-13  16:02:59,2
2017-08-13  16:03:59,6
2017-08-13  16:05:00,4
2017-08-13  16:06:00,3
2017-08-13  16:07:00,2
2017-08-13  16:08:01,2
2017-08-13  16:09:01,2
2017-08-13  16:10:01,5
2017-08-13  16:11:01,5
2017-08-13  16:12:02,5
2017-08-13  16:13:02,2
2017-08-13  16:14:02,2
2017-08-13  16:15:03,2
2017-08-13  16:16:03,2
2017-08-13  16:17:03,4
2017-08-13  16:18:03,3
2017-08-13  16:19:04,4
2017-08-13  16:20:04,5
2017-08-13  16:21:04,7
2017-08-13  16:22:04,3
2017-08-13  16:23:05,2
2017-08-13  16:24:05,3
2017-08-13  16:25:05,1
2017-08-13  16:26:06,0
2017-08-13  16:27:06,2
2017-08-13  16:28:06,2
2017-08-13  16:29:06,0
2017-08-13  16:30:07,1
2017-08-13  16:31:07,1
2017-08-13  16:32:07,0
2017-08-13  16:33:08,0
2017-08-13  16:34:08,0
2017-08-13  16:35:08,0
2017-08-13  16:36:08,0
2017-08-13  16:37:09,1
2017-08-13  16:38:09,0
2017-08-13  16:39:09,2
2017-08-13  16:40:09,1
2017-08-13  16:41:10,1
2017-08-13  16:42:10,1
2017-08-13  16:43:10,1
2017-08-13  16:44:11,2
2017-08-13  16:45:11,0
2017-08-13  16:46:11,0
2017-08-13  16:47:11,3
2017-08-13  16:48:12,2
2017-08-13  16:49:12,1
2017-08-13  16:50:12,1
2017-08-13  16:51:13,6
2017-08-13  16:52:13,2
2017-08-13  16:53:13,0
2017-08-13  16:54:13,0
2017-08-13  16:55:14,0
2017-08-13  16:56:14,1
2017-08-13  16:57:14,2
2017-08-13  16:58:15,2
2017-08-13  16:59:15,2
2017-08-13  17:00:15,0
2017-08-13  17:01:15,1
2017-08-13  17:02:16,2
2017-08-13  17:03:16,2
2017-08-13  17:04:16,2
2017-08-13  17:05:16,1
2017-08-13  17:06:17,4
2017-08-13  17:07:17,4
2017-08-13  17:08:17,1
2017-08-13  17:09:17,0
2017-08-13  17:10:18,2
2017-08-13  17:11:18,1
2017-08-13  17:12:18,0
2017-08-13  17:13:18,0
2017-08-13  17:14:19,1
2017-08-13  17:15:19,3
2017-08-13  17:16:19,1
2017-08-13  17:17:19,1
2017-08-13  17:18:20,0
2017-08-13  17:19:20,0
2017-08-13  17:20:20,0
2017-08-13  17:21:21,0
2017-08-13  17:22:21,0
2017-08-13  17:23:21,0
2017-08-13  17:24:21,0
2017-08-13  17:25:22,2
2017-08-13  17:26:22,2
2017-08-13  17:27:22,0
2017-08-13  17:28:22,0
2017-08-13  17:29:23,1
2017-08-13  17:30:23,2
2017-08-13  17:31:23,0
2017-08-13  17:32:24,1
2017-08-13  17:33:24,3
2017-08-13  17:34:24,1
2017-08-13  17:35:24,1
2017-08-13  17:36:25,1
2017-08-13  17:37:25,5
2017-08-13  17:38:25,4
2017-08-13  17:39:26,0
2017-08-13  17:40:26,0
2017-08-13  17:41:26,0
2017-08-13  17:42:27,0
2017-08-13  17:43:27,2
2017-08-13  17:44:27,2
2017-08-13  17:45:27,1
2017-08-13  17:46:28,1
2017-08-13  17:47:28,1
2017-08-13  17:48:28,2
2017-08-13  17:49:29,1
2017-08-13  17:50:29,1
2017-08-13  17:51:29,1
2017-08-13  17:52:29,5
2017-08-13  17:53:30,2
2017-08-13  17:54:30,1
2017-08-13  17:55:30,0
2017-08-13  17:56:30,2
2017-08-13  17:57:31,0
2017-08-13  17:58:31,0
2017-08-13  17:59:31,0
2017-08-13  18:00:32,2
2017-08-13  18:01:32,4
2017-08-13  18:02:32,0
2017-08-13  18:03:32,1
2017-08-13  18:04:33,0
2017-08-13  18:05:33,0
2017-08-13  18:06:33,0
2017-08-13  18:07:33,0
2017-08-13  18:08:34,0
2017-08-13  18:09:34,0
2017-08-13  18:10:34,1
2017-08-13  18:11:35,1
2017-08-13  18:12:35,2
2017-08-13  18:13:35,2
2017-08-13  18:14:35,0
2017-08-13  18:15:36,0
2017-08-13  18:16:36,2
2017-08-13  18:17:36,0
2017-08-13  18:18:37,1
2017-08-13  18:19:37,2
2017-08-13  18:20:37,2
2017-08-13  18:21:37,1
2017-08-13  18:22:38,2
2017-08-13  18:23:38,4
2017-08-13  18:24:38,1
2017-08-13  18:25:39,2
2017-08-13  18:26:39,0
2017-08-13  18:27:39,0
2017-08-13  18:28:39,0
2017-08-13  18:29:40,2
2017-08-13  18:30:40,1
2017-08-13  18:31:40,0
2017-08-13  18:32:40,0
2017-08-13  18:33:41,0
2017-08-13  18:34:41,0
2017-08-13  18:35:41,2
2017-08-13  18:36:42,1
2017-08-13  18:37:42,1
2017-08-13  18:38:42,4
2017-08-13  18:39:42,5
2017-08-13  18:40:43,1
2017-08-13  18:41:43,1
2017-08-13  18:42:43,2
2017-08-13  18:43:43,1
2017-08-13  18:44:44,0
2017-08-13  18:45:44,2
2017-08-13  18:46:44,1
2017-08-13  18:47:45,1
2017-08-13  18:48:45,1
2017-08-13  18:49:45,0
2017-08-13  18:50:45,0
2017-08-13  18:51:46,0
2017-08-13  18:52:46,0
2017-08-13  18:53:46,0
2017-08-13  18:54:46,0
2017-08-13  18:55:47,0
2017-08-13  18:56:47,1
2017-08-13  18:57:47,0
2017-08-13  18:58:47,1
2017-08-13  18:59:48,2
2017-08-13  19:00:48,1
2017-08-13  19:01:48,1
2017-08-13  19:02:49,1
2017-08-13  19:03:49,1
2017-08-13  19:04:49,0
2017-08-13  19:05:49,0
2017-08-13  19:06:50,2
2017-08-13  19:07:50,0
2017-08-13  19:08:50,2
2017-08-13  19:09:50,2
2017-08-13  19:10:51,2
2017-08-13  19:11:51,0
2017-08-13  19:12:51,0
2017-08-13  19:13:52,0
2017-08-13  19:14:52,0
2017-08-13  19:15:52,0
2017-08-13  19:16:52,3
2017-08-13  19:17:53,1
2017-08-13  19:18:53,0
2017-08-13  19:19:53,0
2017-08-13  19:20:53,0
2017-08-13  19:21:54,1
2017-08-13  19:22:54,2
2017-08-13  19:23:54,2
2017-08-13  19:24:55,4
2017-08-13  19:25:55,5
2017-08-13  19:26:55,3
2017-08-13  19:27:56,1
2017-08-13  19:28:56,2
2017-08-13  19:29:56,2
2017-08-13  19:30:56,0
2017-08-13  19:31:57,0
2017-08-13  19:32:57,2
2017-08-13  19:33:57,1
2017-08-13  19:34:57,1
2017-08-13  19:35:58,1
2017-08-13  19:36:58,1
2017-08-13  19:37:58,1
2017-08-13  19:38:59,1
2017-08-13  19:39:59,1
2017-08-13  19:40:59,1
2017-08-13  19:41:59,1
2017-08-13  19:43:00,1
2017-08-13  19:44:00,1
2017-08-13  19:45:00,3
2017-08-13  19:46:00,2
2017-08-13  19:47:01,1
2017-08-13  19:48:01,1
2017-08-13  19:49:01,2
2017-08-13  19:50:02,2
2017-08-13  19:51:02,3
2017-08-13  19:52:02,2
2017-08-13  19:53:02,3
2017-08-13  19:54:03,2
2017-08-13  19:55:03,4
2017-08-13  19:56:03,5
2017-08-13  19:57:04,5
2017-08-13  19:58:04,2
2017-08-13  19:59:04,1
2017-08-13  20:00:05,1
2017-08-13  20:01:05,3
2017-08-13  20:02:05,3
2017-08-13  20:03:06,2
2017-08-13  20:04:06,1
2017-08-13  20:05:06,3
2017-08-13  20:06:06,2
2017-08-13  20:07:07,2
2017-08-13  20:08:07,1
2017-08-13  20:09:07,4
2017-08-13  20:10:08,3
2017-08-13  20:11:08,4
2017-08-13  20:12:08,4
2017-08-13  20:13:08,3
2017-08-13  20:14:09,2
2017-08-13  20:15:09,0
2017-08-13  20:16:09,0
2017-08-13  20:17:09,2
2017-08-13  20:18:10,2
2017-08-13  20:19:10,2
2017-08-13  20:20:10,1
2017-08-13  20:21:11,0
2017-08-13  20:22:11,0
2017-08-13  20:23:11,0
2017-08-13  20:24:11,0
2017-08-13  20:25:12,0
2017-08-13  20:26:12,0
2017-08-13  20:27:12,0
2017-08-13  20:28:13,1
2017-08-13  20:29:13,1
2017-08-13  20:30:13,2
2017-08-13  20:31:13,1
2017-08-13  20:32:14,0
2017-08-13  20:33:14,0
2017-08-13  20:34:14,0
2017-08-13  20:35:15,0
2017-08-13  20:36:15,0
2017-08-13  20:37:15,1
2017-08-13  20:38:15,1
2017-08-13  20:39:16,1
2017-08-13  20:40:16,3
2017-08-13  20:41:16,2
2017-08-13  20:42:16,2
2017-08-13  20:43:17,1
2017-08-13  20:44:17,1
2017-08-13  20:45:17,1
2017-08-13  20:46:17,2
2017-08-13  20:47:18,1
2017-08-13  20:48:18,1
2017-08-13  20:49:18,1
2017-08-13  20:50:19,0
2017-08-13  20:51:19,0
2017-08-13  20:52:19,1
2017-08-13  20:53:19,1
2017-08-13  20:54:20,2
2017-08-13  20:55:20,2
2017-08-13  20:56:20,3
2017-08-13  20:57:20,2
2017-08-13  20:58:21,2
2017-08-13  20:59:21,2
2017-08-13  21:00:21,1
2017-08-13  21:01:21,1
2017-08-13  21:02:22,2
2017-08-13  21:03:22,1
2017-08-13  21:04:22,2
2017-08-13  21:05:22,0
2017-08-13  21:06:23,0
2017-08-13  21:07:23,1
2017-08-13  21:08:23,0
2017-08-13  21:09:23,0
2017-08-13  21:10:24,0
2017-08-13  21:11:24,0
2017-08-13  21:12:24,0
2017-08-13  21:13:25,0
2017-08-13  21:14:25,2
2017-08-13  21:15:25,2
2017-08-13  21:16:25,0
2017-08-13  21:17:26,1
2017-08-13  21:18:26,0
2017-08-13  21:19:26,1
2017-08-13  21:20:26,1
2017-08-13  21:21:27,1
2017-08-13  21:22:27,1
2017-08-13  21:23:27,1
2017-08-13  21:24:27,2
2017-08-13  21:25:28,2
2017-08-13  21:26:28,4
2017-08-13  21:27:28,3
2017-08-13  21:28:28,2
2017-08-13  21:29:29,1
2017-08-13  21:30:29,1
2017-08-13  21:31:29,3
2017-08-13  21:32:30,3
2017-08-13  21:33:30,1
2017-08-13  21:34:30,1
2017-08-13  21:35:31,2
2017-08-13  21:36:31,3
2017-08-13  21:37:31,4
2017-08-13  21:38:31,1
2017-08-13  21:39:32,4
2017-08-13  21:40:32,4
2017-08-13  21:41:32,4
2017-08-13  21:42:33,5
2017-08-13  21:43:33,4
2017-08-13  21:44:33,3
2017-08-13  21:45:33,1
2017-08-13  21:46:34,0
2017-08-13  21:47:34,1
2017-08-13  21:48:34,2
2017-08-13  21:49:34,2
2017-08-13  21:50:35,0
2017-08-13  21:51:35,1
2017-08-13  21:52:35,0
2017-08-13  21:53:35,0
2017-08-13  21:54:36,0
2017-08-13  21:55:36,0
2017-08-13  21:56:36,0
2017-08-13  21:57:37,0
2017-08-13  21:58:37,1
2017-08-13  21:59:37,0
2017-08-13  22:00:37,2
2017-08-13  22:01:38,2
2017-08-13  22:02:38,0
2017-08-13  22:03:38,1
2017-08-13  22:04:39,2
2017-08-13  22:05:39,0
2017-08-13  22:06:39,1
2017-08-13  22:07:39,1
2017-08-13  22:08:40,2
2017-08-13  22:09:40,0
2017-08-13  22:10:40,2
2017-08-13  22:11:40,5
2017-08-13  22:12:41,2
2017-08-13  22:13:41,0
2017-08-13  22:14:41,0
2017-08-13  22:15:41,0
2017-08-13  22:16:42,0
2017-08-13  22:17:42,2
2017-08-13  22:18:42,1
2017-08-13  22:19:42,0
2017-08-13  22:20:43,0
2017-08-13  22:21:43,0
2017-08-13  22:22:43,0
2017-08-13  22:23:43,1
2017-08-13  22:24:44,2
2017-08-13  22:25:44,2
2017-08-13  22:26:44,3
2017-08-13  22:27:45,4
2017-08-13  22:28:45,1
2017-08-13  22:29:45,2
2017-08-13  22:30:46,1
2017-08-13  22:31:46,1
2017-08-13  22:32:46,0
2017-08-13  22:33:46,2
2017-08-13  22:34:47,1
2017-08-13  22:35:47,4
2017-08-13  22:36:47,1
2017-08-13  22:37:47,1
2017-08-13  22:38:48,1
2017-08-13  22:39:48,0
2017-08-13  22:40:48,0
2017-08-13  22:41:48,0
2017-08-13  22:42:49,0
2017-08-13  22:43:49,0
2017-08-13  22:44:49,1
2017-08-13  22:45:50,1
2017-08-13  22:46:50,1
2017-08-13  22:47:50,2
2017-08-13  22:48:50,1
2017-08-13  22:49:51,2
2017-08-13  22:50:51,2
2017-08-13  22:51:51,2
2017-08-13  22:52:52,2
2017-08-13  22:53:52,2
2017-08-13  22:54:52,4
2017-08-13  22:55:52,2
2017-08-13  22:56:53,4
2017-08-13  22:57:53,5
2017-08-13  22:58:53,5
2017-08-13  22:59:53,3
2017-08-13  23:00:54,1
2017-08-13  23:01:54,1
2017-08-13  23:02:54,1
2017-08-13  23:03:55,3
2017-08-13  23:04:55,4
2017-08-13  23:05:55,1
2017-08-13  23:06:55,1
2017-08-13  23:07:56,1
2017-08-13  23:08:56,2
2017-08-13  23:09:56,1
2017-08-13  23:10:56,2
2017-08-13  23:11:57,3
2017-08-13  23:12:57,5
2017-08-13  23:13:57,5
2017-08-13  23:14:57,3
2017-08-13  23:15:58,3
2017-08-13  23:16:58,3
2017-08-13  23:17:58,2
2017-08-13  23:18:58,1
2017-08-13  23:19:59,1
2017-08-13  23:20:59,2
2017-08-13  23:21:59,4
2017-08-13  23:23:00,1
2017-08-13  23:24:00,3
2017-08-13  23:25:00,2
2017-08-13  23:26:00,1
2017-08-13  23:27:01,1
2017-08-13  23:28:01,1
2017-08-13  23:29:01,1
2017-08-13  23:30:01,1
2017-08-13  23:31:02,1
2017-08-13  23:32:02,1
2017-08-13  23:33:02,3
2017-08-13  23:34:02,2
2017-08-13  23:35:03,1
2017-08-13  23:36:03,1
2017-08-13  23:37:03,2
2017-08-13  23:38:04,2
2017-08-13  23:39:04,1
2017-08-13  23:40:04,3
2017-08-13  23:41:04,4
2017-08-13  23:42:05,2
2017-08-13  23:43:05,2
2017-08-13  23:44:05,3
2017-08-13  23:45:06,5
2017-08-13  23:46:06,0
2017-08-13  23:47:06,1
2017-08-13  23:48:06,0
2017-08-13  23:49:07,0
2017-08-13  23:50:07,3
2017-08-13  23:51:07,4
2017-08-13  23:52:07,1
2017-08-13  23:53:08,0
2017-08-13  23:54:08,0
2017-08-13  23:55:08,2
2017-08-13  23:56:08,1
2017-08-13  23:57:09,1
2017-08-13  23:58:09,2
2017-08-13  23:59:09,2
2017-08-14  0:00:09,3
2017-08-14  0:01:10,1
2017-08-14  0:02:10,1
2017-08-14  0:03:10,3
2017-08-14  0:04:11,2
2017-08-14  0:05:11,0
2017-08-14  0:06:11,0
2017-08-14  0:07:11,1
2017-08-14  0:08:12,2
2017-08-14  0:09:12,2
2017-08-14  0:10:12,1
2017-08-14  0:11:12,1
2017-08-14  0:12:13,0
2017-08-14  0:13:13,0
2017-08-14  0:14:13,0
2017-08-14  0:15:14,0
2017-08-14  0:16:14,0
2017-08-14  0:17:14,0
2017-08-14  0:18:14,1
2017-08-14  0:19:15,1
2017-08-14  0:20:15,2
2017-08-14  0:21:15,1
2017-08-14  0:22:15,0
2017-08-14  0:23:16,1
2017-08-14  0:24:16,1
2017-08-14  0:25:16,0
2017-08-14  0:26:16,1
2017-08-14  0:27:17,2
2017-08-14  0:28:17,0
2017-08-14  0:29:17,0
2017-08-14  0:30:18,1
2017-08-14  0:31:18,4
2017-08-14  0:32:18,0
2017-08-14  0:33:18,1
2017-08-14  0:34:19,0
2017-08-14  0:35:19,0
2017-08-14  0:36:19,1
2017-08-14  0:37:19,2
2017-08-14  0:38:20,0
2017-08-14  0:39:20,2
2017-08-14  0:40:20,0
2017-08-14  0:41:20,0
2017-08-14  0:42:21,1
2017-08-14  0:43:21,2
2017-08-14  0:44:21,2
2017-08-14  0:45:22,3
2017-08-14  0:46:22,5
2017-08-14  0:47:22,2
2017-08-14  0:48:22,2
2017-08-14  0:49:23,3
2017-08-14  0:50:23,0
2017-08-14  0:51:23,0
2017-08-14  0:52:23,0
2017-08-14  0:53:24,2
2017-08-14  0:54:24,3
2017-08-14  0:55:24,3
2017-08-14  0:56:25,0
2017-08-14  0:57:25,1
2017-08-14  0:58:25,0
2017-08-14  0:59:25,0
2017-08-14  1:00:26,0
2017-08-14  1:01:26,0
2017-08-14  1:02:26,0
2017-08-14  1:03:26,0
2017-08-14  1:04:27,1
2017-08-14  1:05:27,1
2017-08-14  1:06:27,1
2017-08-14  1:07:28,1
2017-08-14  1:08:28,0
2017-08-14  1:09:28,2
2017-08-14  1:10:28,1
2017-08-14  1:11:29,0
2017-08-14  1:12:29,2
2017-08-14  1:13:29,2
2017-08-14  1:14:29,0
2017-08-14  1:15:30,0
2017-08-14  1:16:30,1
2017-08-14  1:17:30,2
2017-08-14  1:18:31,2
2017-08-14  1:19:31,0
2017-08-14  1:20:31,0
2017-08-14  1:21:31,0
2017-08-14  1:22:32,1
2017-08-14  1:23:32,4
2017-08-14  1:24:32,2
2017-08-14  1:25:32,1
2017-08-14  1:26:33,0
2017-08-14  1:27:33,0
2017-08-14  1:28:33,1
2017-08-14  1:29:34,2
2017-08-14  1:30:34,1
2017-08-14  1:31:34,1
2017-08-14  1:32:34,6
2017-08-14  1:33:35,3
2017-08-14  1:34:35,2
2017-08-14  1:35:35,2
2017-08-14  1:36:35,2
2017-08-14  1:37:36,0
2017-08-14  1:38:36,0
2017-08-14  1:39:36,1
2017-08-14  1:40:36,3
2017-08-14  1:41:37,3
2017-08-14  1:42:37,1
2017-08-14  1:43:37,1
2017-08-14  1:44:37,1
2017-08-14  1:45:38,1
2017-08-14  1:46:38,2
2017-08-14  1:47:38,1
2017-08-14  1:48:39,1
2017-08-14  1:49:39,1
2017-08-14  1:50:39,2
2017-08-14  1:51:39,2
2017-08-14  1:52:40,2
2017-08-14  1:53:40,2
2017-08-14  1:54:40,1
2017-08-14  1:55:40,2
2017-08-14  1:56:41,3
2017-08-14  1:57:41,1
2017-08-14  1:58:41,2
2017-08-14  1:59:41,4
2017-08-14  2:00:42,3
2017-08-14  2:01:42,2
2017-08-14  2:02:42,4
2017-08-14  2:03:42,6
2017-08-14  2:04:43,5
2017-08-14  2:05:43,2
2017-08-14  2:06:43,1
2017-08-14  2:07:44,1
2017-08-14  2:08:44,2
2017-08-14  2:09:44,3
2017-08-14  2:10:44,2
2017-08-14  2:11:45,2
2017-08-14  2:12:45,1
2017-08-14  2:13:45,1
2017-08-14  2:14:45,2
2017-08-14  2:15:46,2
2017-08-14  2:16:46,1
2017-08-14  2:17:46,3
2017-08-14  2:18:46,6
2017-08-14  2:19:47,5
2017-08-14  2:20:47,2
2017-08-14  2:21:47,1
2017-08-14  2:22:47,3
2017-08-14  2:23:48,2
2017-08-14  2:24:48,0
2017-08-14  2:25:48,1
2017-08-14  2:26:49,1
2017-08-14  2:27:49,2
2017-08-14  2:28:49,1
2017-08-14  2:29:49,1
2017-08-14  2:30:50,0
2017-08-14  2:31:50,0
2017-08-14  2:32:50,0
2017-08-14  2:33:50,0
2017-08-14  2:34:51,0
2017-08-14  2:35:51,1
2017-08-14  2:36:51,0
2017-08-14  2:37:52,2
2017-08-14  2:38:52,1
2017-08-14  2:39:52,1
2017-08-14  2:40:52,0
2017-08-14  2:41:53,1
2017-08-14  2:42:53,1
2017-08-14  2:43:53,1
2017-08-14  2:44:53,1
2017-08-14  2:45:54,1
2017-08-14  2:46:54,3
2017-08-14  2:47:54,1
2017-08-14  2:48:54,2
2017-08-14  2:49:55,4
2017-08-14  2:50:55,3
2017-08-14  2:51:55,2
2017-08-14  2:52:56,0
2017-08-14  2:53:56,0
2017-08-14  2:54:56,0
2017-08-14  2:55:56,2
2017-08-14  2:56:57,3
2017-08-14  2:57:57,1
2017-08-14  2:58:57,0
2017-08-14  2:59:57,0
2017-08-14  3:00:58,1
2017-08-14  3:01:58,2
2017-08-14  3:02:58,2
2017-08-14  3:03:58,1
2017-08-14  3:04:59,2
2017-08-14  3:05:59,6
2017-08-14  3:06:59,3
2017-08-14  3:08:00,1
2017-08-14  3:09:00,3
2017-08-14  3:10:00,2
2017-08-14  3:11:00,1
2017-08-14  3:12:01,1
2017-08-14  3:13:01,1
2017-08-14  3:14:01,2
2017-08-14  3:15:01,2
2017-08-14  3:16:02,1
2017-08-14  3:17:02,1
2017-08-14  3:18:02,0
2017-08-14  3:19:02,0
2017-08-14  3:20:03,0
2017-08-14  3:21:03,0
2017-08-14  3:22:03,0
2017-08-14  3:23:04,0
2017-08-14  3:24:04,1
2017-08-14  3:25:04,2
2017-08-14  3:26:04,1
2017-08-14  3:27:05,1
2017-08-14  3:28:05,0
2017-08-14  3:29:05,1
2017-08-14  3:30:05,1
2017-08-14  3:31:06,0
2017-08-14  3:32:06,1
2017-08-14  3:33:06,1
2017-08-14  3:34:06,0
2017-08-14  3:35:07,1
2017-08-14  3:36:07,3
2017-08-14  3:37:07,3
2017-08-14  3:38:07,3
2017-08-14  3:39:08,0
2017-08-14  3:40:08,0
2017-08-14  3:41:08,0
2017-08-14  3:42:08,0
2017-08-14  3:43:09,2
2017-08-14  3:44:09,2
2017-08-14  3:45:09,1
2017-08-14  3:46:09,0
2017-08-14  3:47:10,1
2017-08-14  3:48:10,1
2017-08-14  3:49:10,2
2017-08-14  3:50:10,1
2017-08-14  3:51:11,3
2017-08-14  3:52:11,4
2017-08-14  3:53:11,1
2017-08-14  3:54:12,1
2017-08-14  3:55:12,1
2017-08-14  3:56:12,1
2017-08-14  3:57:12,0
2017-08-14  3:58:13,0
2017-08-14  3:59:13,1
2017-08-14  4:00:13,2
2017-08-14  4:01:13,4
2017-08-14  4:02:14,1
2017-08-14  4:03:14,1
2017-08-14  4:04:14,1
2017-08-14  4:05:14,1
2017-08-14  4:06:15,1
2017-08-14  4:07:15,2
2017-08-14  4:08:15,1
2017-08-14  4:09:15,1
2017-08-14  4:10:16,2
2017-08-14  4:11:16,1
2017-08-14  4:12:16,3
2017-08-14  4:13:17,2
2017-08-14  4:14:17,1
2017-08-14  4:15:17,2
2017-08-14  4:16:17,2
2017-08-14  4:17:18,1
2017-08-14  4:18:18,2
2017-08-14  4:19:18,3
2017-08-14  4:20:18,1
2017-08-14  4:21:19,1
2017-08-14  4:22:19,3
2017-08-14  4:23:19,2
2017-08-14  4:24:19,3
2017-08-14  4:25:20,2
2017-08-14  4:26:20,1
2017-08-14  4:27:20,1
2017-08-14  4:28:21,2
2017-08-14  4:29:21,3
2017-08-14  4:30:21,4
2017-08-14  4:31:21,3
2017-08-14  4:32:22,1
2017-08-14  4:33:22,1
2017-08-14  4:34:22,2
2017-08-14  4:35:23,3
2017-08-14  4:36:23,2
2017-08-14  4:37:23,4
2017-08-14  4:38:23,7
2017-08-14  4:39:24,3
2017-08-14  4:40:24,1
2017-08-14  4:41:24,1
2017-08-14  4:42:24,4
2017-08-14  4:43:25,1
2017-08-14  4:44:25,1
2017-08-14  4:45:25,0
2017-08-14  4:46:25,3
2017-08-14  4:47:26,3
2017-08-14  4:48:26,0
2017-08-14  4:49:26,1
2017-08-14  4:50:26,1
2017-08-14  4:51:27,0
2017-08-14  4:52:27,0
2017-08-14  4:53:27,0
2017-08-14  4:54:28,0
2017-08-14  4:55:28,1
2017-08-14  4:56:28,2
2017-08-14  4:57:28,1
2017-08-14  4:58:29,2
2017-08-14  4:59:29,1
2017-08-14  5:00:29,0
2017-08-14  5:01:29,1
2017-08-14  5:02:30,1
2017-08-14  5:03:30,0
2017-08-14  5:04:30,0
2017-08-14  5:05:30,2
2017-08-14  5:06:31,1
2017-08-14  5:07:31,0
2017-08-14  5:08:31,2
2017-08-14  5:09:32,5
2017-08-14  5:10:32,2
2017-08-14  5:11:32,0
2017-08-14  5:12:32,0
2017-08-14  5:13:33,0
2017-08-14  5:14:33,1
2017-08-14  5:15:33,1
2017-08-14  5:16:33,2
2017-08-14  5:17:34,2
2017-08-14  5:18:34,1
2017-08-14  5:19:34,1
2017-08-14  5:20:35,2
2017-08-14  5:21:35,2
2017-08-14  5:22:35,0
2017-08-14  5:23:35,2
2017-08-14  5:24:36,7
2017-08-14  5:25:36,3
2017-08-14  5:26:36,2
2017-08-14  5:27:36,1
2017-08-14  5:28:37,2
2017-08-14  5:29:37,1
2017-08-14  5:30:37,0
2017-08-14  5:31:38,1
2017-08-14  5:32:38,2
2017-08-14  5:33:38,5
2017-08-14  5:34:38,1
2017-08-14  5:35:39,1
2017-08-14  5:36:39,1
2017-08-14  5:37:39,1
2017-08-14  5:38:39,2
2017-08-14  5:39:40,1
2017-08-14  5:40:40,1
2017-08-14  5:41:40,1
2017-08-14  5:42:40,3
2017-08-14  5:43:41,3
2017-08-14  5:44:41,4
2017-08-14  5:45:41,3
2017-08-14  5:46:42,2
2017-08-14  5:47:42,4
2017-08-14  5:48:42,3
2017-08-14  5:49:42,2
2017-08-14  5:50:43,3
2017-08-14  5:51:43,5
2017-08-14  5:52:43,4
2017-08-14  5:53:43,3
2017-08-14  5:54:44,5
2017-08-14  5:55:44,6
2017-08-14  5:56:44,5
2017-08-14  5:57:45,2
2017-08-14  5:58:45,2
2017-08-14  5:59:45,2
2017-08-14  6:00:45,2
2017-08-14  6:01:46,4
2017-08-14  6:02:46,3
2017-08-14  6:03:46,3
2017-08-14  6:04:47,3
2017-08-14  6:05:47,2
2017-08-14  6:06:47,3
2017-08-14  6:07:47,2
2017-08-14  6:08:48,1
2017-08-14  6:09:48,2
2017-08-14  6:10:48,4
2017-08-14  6:11:48,5
2017-08-14  6:12:49,3
2017-08-14  6:13:49,0
2017-08-14  6:14:49,1
2017-08-14  6:15:50,2
2017-08-14  6:16:50,0
2017-08-14  6:17:50,1
2017-08-14  6:18:50,1
2017-08-14  6:19:51,4
2017-08-14  6:20:51,0
2017-08-14  6:21:51,1
2017-08-14  6:22:51,1
2017-08-14  6:23:52,0
2017-08-14  6:24:52,0
2017-08-14  6:25:52,0
2017-08-14  6:26:53,0
2017-08-14  6:27:53,0
2017-08-14  6:28:53,0
2017-08-14  6:29:53,2
2017-08-14  6:30:54,1
2017-08-14  6:31:54,1
2017-08-14  6:32:54,0
2017-08-14  6:33:54,0
2017-08-14  6:34:55,2
2017-08-14  6:35:55,0
2017-08-14  6:36:55,0
2017-08-14  6:37:56,1
2017-08-14  6:38:56,1
2017-08-14  6:39:56,0
2017-08-14  6:40:57,1
2017-08-14  6:41:57,3
2017-08-14  6:42:57,1
2017-08-14  6:43:57,1
2017-08-14  6:44:58,0
2017-08-14  6:45:58,0
2017-08-14  6:46:58,0
2017-08-14  6:47:58,2
2017-08-14  6:48:59,2
2017-08-14  6:49:59,0
2017-08-14  6:50:59,0
2017-08-14  6:51:59,0
2017-08-14  6:53:00,3
2017-08-14  6:54:00,2
2017-08-14  6:55:00,2
2017-08-14  6:56:00,1
2017-08-14  6:57:01,3
2017-08-14  6:58:01,5
2017-08-14  6:59:01,1
2017-08-14  7:00:02,0
2017-08-14  7:01:02,3
2017-08-14  7:02:02,2
2017-08-14  7:03:02,0
2017-08-14  7:04:03,0
2017-08-14  7:05:03,0
2017-08-14  7:06:03,3
2017-08-14  7:07:03,2
2017-08-14  7:08:04,1
2017-08-14  7:09:04,1
2017-08-14  7:10:04,0
2017-08-14  7:11:04,0
2017-08-14  7:12:05,0
2017-08-14  7:13:05,0
2017-08-14  7:14:05,0
2017-08-14  7:15:05,1
2017-08-14  7:16:06,1
2017-08-14  7:17:06,2
2017-08-14  7:18:06,1
2017-08-14  7:19:07,0
2017-08-14  7:20:07,0
2017-08-14  7:21:07,2
2017-08-14  7:22:07,1
2017-08-14  7:23:08,0
2017-08-14  7:24:08,1
2017-08-14  7:25:08,1
2017-08-14  7:26:08,0
2017-08-14  7:27:09,1
2017-08-14  7:28:09,1
2017-08-14  7:29:09,2
2017-08-14  7:30:09,2
2017-08-14  7:31:10,0
2017-08-14  7:32:10,0
2017-08-14  7:33:10,1
2017-08-14  7:34:11,1
2017-08-14  7:35:11,3
2017-08-14  7:36:11,1
2017-08-14  7:37:11,1
2017-08-14  7:38:12,0
2017-08-14  7:39:12,0
2017-08-14  7:40:12,0
2017-08-14  7:41:12,1
2017-08-14  7:42:13,0
2017-08-14  7:43:13,3
2017-08-14  7:44:13,2
2017-08-14  7:45:14,2
2017-08-14  7:46:14,0
2017-08-14  7:47:14,0
2017-08-14  7:48:14,1
2017-08-14  7:49:15,1
2017-08-14  7:50:15,1
2017-08-14  7:51:15,1
2017-08-14  7:52:16,4
2017-08-14  7:53:16,2
2017-08-14  7:54:16,2
2017-08-14  7:55:16,1
2017-08-14  7:56:17,1
2017-08-14  7:57:17,1
2017-08-14  7:58:17,1
2017-08-14  7:59:17,1
2017-08-14  8:00:18,1
2017-08-14  8:01:18,1
2017-08-14  8:02:18,2
2017-08-14  8:03:18,2
2017-08-14  8:04:19,2
2017-08-14  8:05:19,1
2017-08-14  8:06:19,1
2017-08-14  8:07:20,1
2017-08-14  8:08:20,1
2017-08-14  8:09:20,1
2017-08-14  8:10:21,1
2017-08-14  8:11:21,2
2017-08-14  8:12:21,2
2017-08-14  8:13:21,2
2017-08-14  8:14:22,2
2017-08-14  8:15:22,3
2017-08-14  8:16:22,3
2017-08-14  8:17:22,1
2017-08-14  8:18:23,1
2017-08-14  8:19:23,1
2017-08-14  8:20:23,1
2017-08-14  8:21:23,4
2017-08-14  8:22:24,4
2017-08-14  8:23:24,2
2017-08-14  8:24:24,1
2017-08-14  8:25:25,1
2017-08-14  8:26:25,2
2017-08-14  8:27:25,3
2017-08-14  8:28:25,1
2017-08-14  8:29:26,2
2017-08-14  8:30:26,4
2017-08-14  8:31:26,2
2017-08-14  8:32:26,1
2017-08-14  8:33:27,0
2017-08-14  8:34:27,3
2017-08-14  8:35:27,1
2017-08-14  8:36:27,0
2017-08-14  8:37:28,1
2017-08-14  8:38:28,2
2017-08-14  8:39:28,2
2017-08-14  8:40:28,0
2017-08-14  8:41:29,1
2017-08-14  8:42:29,0
2017-08-14  8:43:29,0
2017-08-14  8:44:29,0
2017-08-14  8:45:30,0
2017-08-14  8:46:30,0
2017-08-14  8:47:30,1
2017-08-14  8:48:31,2
2017-08-14  8:49:31,2
2017-08-14  8:50:31,1
2017-08-14  8:51:31,1
2017-08-14  8:52:32,0
2017-08-14  8:53:32,1
2017-08-14  8:54:32,0
2017-08-14  8:55:32,0
2017-08-14  8:56:33,0
2017-08-14  8:57:33,2
2017-08-14  8:58:33,1
2017-08-14  8:59:33,1
2017-08-14  9:00:34,1
2017-08-14  9:01:34,4
2017-08-14  9:02:34,2
2017-08-14  9:03:35,0
2017-08-14  9:04:35,0
2017-08-14  9:05:35,0
2017-08-14  9:06:36,0
2017-08-14  9:07:36,0
2017-08-14  9:08:36,2
2017-08-14  9:09:36,1
2017-08-14  9:10:37,0
2017-08-14  9:11:37,0
2017-08-14  9:12:37,1
2017-08-14  9:13:37,2
2017-08-14  9:14:38,1
2017-08-14  9:15:38,2
2017-08-14  9:16:38,5
2017-08-14  9:17:39,3
2017-08-14  9:18:39,1
2017-08-14  9:19:39,1
2017-08-14  9:20:40,2
2017-08-14  9:21:40,1
2017-08-14  9:22:40,0
2017-08-14  9:23:40,1
2017-08-14  9:24:41,3
2017-08-14  9:25:41,2
2017-08-14  9:26:41,0
2017-08-14  9:27:42,1
2017-08-14  9:28:42,0
2017-08-14  9:29:42,0
2017-08-14  9:30:43,0
2017-08-14  9:31:43,0
2017-08-14  9:32:43,0
2017-08-14  9:33:43,0
2017-08-14  9:34:44,0
2017-08-14  9:35:44,3
2017-08-14  9:36:44,1
2017-08-14  9:37:44,1
2017-08-14  9:38:45,0
2017-08-14  9:39:45,1
2017-08-14  9:40:45,2
2017-08-14  9:41:45,0
2017-08-14  9:42:46,1
2017-08-14  9:43:46,3
2017-08-14  9:44:46,1
2017-08-14  9:45:46,1
2017-08-14  9:46:47,3
2017-08-14  9:47:47,5
2017-08-14  9:48:47,3
2017-08-14  9:49:48,0
2017-08-14  9:50:48,0
2017-08-14  9:51:48,0
2017-08-14  9:52:48,1
2017-08-14  9:53:49,3
2017-08-14  9:54:49,2
2017-08-14  9:55:49,0
2017-08-14  9:56:49,0
2017-08-14  9:57:50,0
2017-08-14  9:58:50,1
2017-08-14  9:59:50,2
2017-08-14  10:00:50,0
2017-08-14  10:01:51,3
2017-08-14  10:02:51,5
2017-08-14  10:03:51,2
2017-08-14  10:04:51,1
2017-08-14  10:05:52,1
